directory_category,entity_featured__value,post_content,location_address__street,location_address__street2,location_address__city,location_address__country,location_address__address,location_address__lat,location_address__term_id,location_address__lng,location_address__zip,location_address__province,location_address__timezone,directory_photos,voting_rating,directory_tag,post_title,voting_updown,field_opening_hours,field_phone,field_price_range,field_social_accounts__facebook,field_social_accounts__instagram,field_social_accounts__linkedin,field_social_accounts__twitter,field_social_accounts__youtube,field_videos,field_website
commerce,,"Description à venir","Rue des Ormeaux",,CHIMAY,BE,"Rue des Ormeaux, 6460 CHIMAY",50.047676,chimay,4.316089,6460,Wallonie,Europe/Brussels,,,,"A Fleur De Peau",,,"060/21 27 07",,https://www.facebook.com/afleurdepeau.chimay/,,,,,,
jardins-et-fleurs,,"Description à venir","Rue de Virelles, 32",,CHIMAY,BE,"Rue de Virelles, 32, 6460 CHIMAY",50.050329,chimay,4.326322,6460,Wallonie,Europe/Brussels,httpchimaycommerce.wpengine.comwp-contentuploads202007a-lair-libre.jpg,,,"A L'Air Libre",,,"060/21 90 47",,https://www.facebook.com/alairlibre,,,,,,
commerce,,"Description à venir","Chaussée de Couvin 95C 5",,CHIMAY,BE,"Chaussée de Couvin 95C 5, 6460 CHIMAY",50.044725,chimay,4.331689,6460,Wallonie,Europe/Brussels,,,,Action,,,,,,,,,,,
supermarche,,"Description à venir","Rue de Bourlers, 1a",,CHIMAY,BE,"Rue de Bourlers, 1a, 6460 CHIMAY",50.047945,chimay,4.321365,6460,Wallonie,Europe/Brussels,,,,"Ad Delhaize",,,"060/21 23 90",,,,,,,,
,,"Description à venir","Rue des Sartiaux 1",,CHIMAY,BE,"Rue des Sartiaux 1, 6460 CHIMAY",50.047271,chimay,4.319074,6460,Wallonie,Europe/Brussels,httpchimaycommerce.wpengine.comwp-contentuploads202007adn-concept.jpg,,,"Adn Concept",,,"060/41 12 81",,,,,,,,
optique,,"Description à venir","Chée de Couvin, 95",,CHIMAY,BE,"Chée de Couvin, 95, 6460 CHIMAY",50.044725,chimay,4.331689,6460,Wallonie,Europe/Brussels,httpchimaycommerce.wpengine.comwp-contentuploads202007afflelou.jpg,,,Afflelou,,,"060/21 93 40",,https://www.facebook.com/alainafflelouchimay,,,,,,
immobilier,,"Description à venir","Place des Princes 3",,CHIMAY,BE,"Place des Princes 3, 6460 CHIMAY",50.048713,chimay,4.320224,6460,Wallonie,Europe/Brussels,,,,"Agence Atipi",,,"060/31 18 89",,,,,,,,
supermarche,,"Description à venir","Ch. de Couvin",,CHIMAY,BE,"Ch. de Couvin, 6460 CHIMAY",50.044804,chimay,4.330861,6460,Wallonie,Europe/Brussels,,,,Aldi,,,,,,,,,,,
commerce,,"Description à venir","Grand Place,31",,CHIMAY,BE,"Grand Place,31, 6460 CHIMAY",50.049069,chimay,4.315669,6460,Wallonie,Europe/Brussels,httpchimaycommerce.wpengine.comwp-contentuploads202007anastasia.jpg,,,Anastasia,,,"060/21 20 82",,https://www.facebook.com/anastasiabijouterie/,,,,,,http://bijouterie-anastasia.be/
coiffure,,"Description à venir","Place Chapitre, 5b",,CHIMAY,BE,"Place Chapître, 5b, 6460 CHIMAY",50.049597,chimay,4.316536,6460,Wallonie,Europe/Brussels,appolinhair-scaled.jpg,,,Appolin'Hair,,,"060/21 21 40",0|100,https://www.facebook.com/apollinhair/,,,,,,
loisirs,,"Description à venir","rue du lac 42",,Virelles,BE,"rue du lac 42 , 6461 Virelles",50.067025,virelles,4.33907,6461,Wallonie,Europe/Brussels,242406_AquascopeVirelles_cWBT-BrunoD_Alimonte.jpg,,,"Aquascope Virelles",,,060/211363,0|100,https://www.facebook.com/Aquascope-Virelles-1308494265927976,,,,,,https://www.aquascope.be
textile,,"Description à venir","Grand place 22",,Chimay,BE,"Grand place 22, 6460 Chimay",50.049308,chimay,4.316318,6460,Wallonie,Europe/Brussels,httpchimaycommerce.wpengine.comwp-contentuploads202007atelier-ac.jpg,,,"Atelier Ac",,,"0485 07 12 50",,https://www.facebook.com/AtelierAC,,,,,,https://atelierac.be/
,,"Description à venir","Avenue des Tilleuls",,CHIMAY,BE,"Avenue des Tilleuls, 6460 CHIMAY",50.045709,chimay,4.306572,6460,Wallonie,Europe/Brussels,,,,"Ateliers Coene-Marcoux",,,"060/21 29 85",,,,,,,,
hebergement,,"Description à venir","Rue Gare de Seloignes 178",,VILLERS-LA-TOUR,BE,"Rue Gare de Seloignes 178, 6460 VILLERS-LA-TOUR",50.014391,villers-la-tour,4.28894,6460,Wallonie,Europe/Brussels,,,,"Au Coin Du Bois",,,"060/51 25 08",,,,,,,,
restaurant-cafe-snack,,"Description à venir","Place du Prince",,CHIMAY,BE,"Place du Prince, 6460 CHIMAY",50.048492,chimay,4.319744,6460,Wallonie,Europe/Brussels,httpchimaycommerce.wpengine.comwp-contentuploads202007au-paradis-des-saveurs.jpg,,,"Au Paradis Des Saveurs",,,060/411360,,https://www.facebook.com/Justinewackersboulangeriechimay,,,,,,http://www.leparadisdessaveurs.be/
commerce,,"Description à venir","Grand Place, 33",,CHIMAY,BE,"Grand Place, 33, 6460 CHIMAY",50.048967,chimay,4.315641,6460,Wallonie,Europe/Brussels,httpchimaycommerce.wpengine.comwp-contentuploads202007au-parfum-des-sens.jpg,,,"Au Parfum Des Sens",,,"060/21 26 66",,https://www.facebook.com/Au-parfum-des-sens-1505843646381355,,,,,,http://www.parfumdessens.be/
commerce,,"Description à venir","Rue du Rond Point 291",,forges,BE,"Rue du Rond Point 291, 6464 forges",49.99371,forges,4.314161,6464,Wallonie,Europe/Brussels,httpchimaycommerce.wpengine.comwp-contentuploads202007au-petit-coin-des-saveurs.jpg,,,"Au Petit Coin Des Saveurs",,,0472/233408,0|100,https://www.facebook.com/merciermari,,,,,,
commerce-alimentaire,,"Description à venir","Chéé de Mons, 16",,CHIMAY,BE,"Chéé de Mons, 16, 6460 CHIMAY",50.051611,chimay,4.309381,6460,Wallonie,Europe/Brussels,httpchimaycommerce.wpengine.comwp-contentuploads202007au-petit-marche.jpg,,,"Au Petit Marché",,09:00|12:00|1|;14:00|18:00|1|;09:00|12:00|2|;14:00|18:00|2|;09:00|12:00|3|;14:00|18:00|3|;09:00|12:00|4|;14:00|18:00|4|;08:30|18:00|5|;09:00|18:00|6|,"060/21 26 75",0|100,https://www.facebook.com/petitmarche1978/,,,,,,
hebergement,,"Description à venir","Poteaupré, 5",,BOURLERS,BE,"Poteaupré, 5, 6464 BOURLERS",49.988679,bourlers,4.342108,6464,Wallonie,Europe/Brussels,httpchimaycommerce.wpengine.comwp-contentuploads202007auberge-de-poteaupre.jpg,,,"Auberge De Poteaupre",,,"060/21 14 33",,,,,,,,
restaurant-cafe-snack,,"Description à venir","Poteaupré, 5",,BOURLERS,BE,"Poteaupré, 5, 6464 BOURLERS",49.988679,bourlers,4.342108,6464,Wallonie,Europe/Brussels,,,,"Auberge De Poteaupre",,,"060/21 14 33",,https://www.facebook.com/poteaupre6464,,,,,,
hebergement,,"Description à venir","Rue Neuf Maisons 8",,VAULX,BE,"Rue Neuf Maisons 8, 6462 VAULX",50.05225,vaulx,4.36322,6462,Wallonie,Europe/Brussels,,,,"Aux Peupliers",,,"0477/71 21 57",,,,,,,,
jardins-et-fleurs,,"Description à venir","Zoning Industriel 4",,BAILEUX,BE,"Zoning Industriel 4, 6464 BAILEUX",50.036027,baileux,4.37948,6464,Wallonie,Europe/Brussels,httpchimaycommerce.wpengine.comwp-contentuploads202007aveve.jpg,,,Aveve,,,"060 21 27 97",,https://www.facebook.com/avevebaileux/,,,,,,
banque-et-assurance,,"Description à venir","Rue de Bourlers 68",,CHIMAY,BE,"Rue de Bourlers 68, 6460 CHIMAY",50.042419,chimay,4.327304,6460,Wallonie,Europe/Brussels,,,,"Axa Banque",,,"060/21 51 25",,,,,,,,
commerce-alimentaire,,"Description à venir","Grande-Rue, 16",,CHIMAY,BE,"Grande-Rue, 16, 6460 CHIMAY",50.048746,chimay,4.314245,6460,Wallonie,Europe/Brussels,httpchimaycommerce.wpengine.comwp-contentuploads202007bambino.jpg,,,Bambino,,,"060/21 37 20",,,,,,,,
banque-et-assurance,,"Description à venir","Grand-Place, 29",,CHIMAY,BE,"Grand-Place, 29, 6460 CHIMAY",50.049059,chimay,4.315774,6460,Wallonie,Europe/Brussels,,,,Belfius,,,"060/21 02 30",,,,,,,,
esthetique,,"Description à venir","Rue de Bourlers",,Chimay,BE,"Rue de Bourlers, 6460 Chimay",50.044922,chimay,4.324244,6460,Wallonie,Europe/Brussels,DSC_1302.jpg,,,"Bella  Sante",,,060/212134,0|100,https://www.facebook.com/Bellasantechimay2011,,,,,,https://www.bella-sante.be
bancontact;banque-et-assurance,,"Description à venir","Chaussée de Couvin 1",,Chimay,BE,"Chaussée de Couvin 1, 6460 Chimay, Belgique",50.047389,chimay,4.319534,6460,Wallonie,Europe/Brussels,beobank.jpg,,,Beobank,,,"060/21 30 61",0|100,,,,,,,
coiffure,,"Description à venir","Rue de la Scierie 8",,VIRELLES,BE,"Rue de la Scierie 8, 6461 VIRELLES",50.064804,virelles,4.344965,6461,Wallonie,Europe/Brussels,,,,"Bertrand M-H",,,"060/21 32 21",0|100,,,,,,,
commerce,,"Description à venir","Grand-place,2",,CHIMAY,BE,"Grand-place,2, 6460 CHIMAY",50.048922,chimay,4.31468,6460,Wallonie,Europe/Brussels,httpchimaycommerce.wpengine.comwp-contentuploads202007bijouterie-benoit.jpg,,,"Bijouterie Benoit",,,"060/21 13 35",,,,,,,,
services,,"<img class=""alignnone size-full wp-image-3609"" src=""http://chimay-commerce.be/wp-content/uploads/2020/07/bothanet.jpg"" alt="""" width=""8256"" height=""5504"" />Description à venir","Rue du Pavillon 12",,CHIMAY,BE,"Rue du Pavillon 12, 6460 CHIMAY",50.048309,chimay,4.318833,6460,Wallonie,Europe/Brussels,bothanet.jpg,,,Bothanet,,,"060/51 29 02",0|100,,,,,,,
commerce-alimentaire,,"Description à venir","Rue de Virelles 43",,CHIMAY,BE,"Rue de Virelles 43, 6460 CHIMAY",50.049675,chimay,4.320747,6460,Wallonie,Europe/Brussels,httpchimaycommerce.wpengine.comwp-contentuploads202007boucherie-baire.jpg,,,"Boucherie Baire",,,"060/21 36 13",,,,,,,,https://boucheriebaire.be
commerce-alimentaire,,"Description à venir","Rue du Lac 18",,VIRELLES,BE,"Rue du Lac 18, 6461 VIRELLES",50.066121,virelles,4.336,6461,Wallonie,Europe/Brussels,httpchimaycommerce.wpengine.comwp-contentuploads202007boucherie-du-lac.jpg,,,"Boucherie Du Lac",,,"060/21 53 25 ",,,,,,,,
commerce-alimentaire,,"Description à venir","Rue de Noailles 5",,CHIMAY,BE,"Rue de Noailles 5, 6460 CHIMAY",50.047943,chimay,4.318408,6460,Wallonie,Europe/Brussels,httpchimaycommerce.wpengine.comwp-contentuploads202007boucherie-lange.jpg,,,"Boucherie Lange",,,"060/51 46 78",,https://www.facebook.com/boucherielange,,,,,,
commerce-alimentaire,,"Description à venir","Rue Saint-Nicolas, 17",,CHIMAY,BE,"Rue Saint-Nicolas, 17, 6460 CHIMAY",50.048339,chimay,4.313448,6460,Wallonie,Europe/Brussels,httpchimaycommerce.wpengine.comwp-contentuploads202007boucherie-nicolas.jpg,,,"Boucherie Nicolas",,,0499/818633,,https://www.facebook.com/Boucherie-Nicolas-103489001148776,,,,,,
commerce-alimentaire,,"Description à venir","Rue des Déportés, 19",,CHIMAY,BE,"Rue des Déportés, 19, 6460 CHIMAY",50.048419,chimay,4.309176,6460,Wallonie,Europe/Brussels,httpchimaycommerce.wpengine.comwp-contentuploads202007boulangerie-brousmiche.jpg,,,Boulangerie,,,"060/21 92 90",,https://www.facebook.com/Boulangerie-Olivier-Brousmiche-311726619463224,,,,,,
commerce-alimentaire,,"Description à venir","Rue du Lac, 1",,VIRELLES,BE,"Rue du Lac, 1, 6461 VIRELLES",50.065198,virelles,4.334258,6461,Wallonie,Europe/Brussels,,,,"Boulangerie Chauvaux",,,"060/21 32 32",,,,,,,,
commerce,,"Accueil du Château des Princes et visites

Boutique de souvenirs","Rue du Château 14",,CHIMAY,BE,"Rue du Château 14, 6460 CHIMAY",50.049007,chimay,4.314408,6460,Wallonie,Europe/Brussels,accueilchateau-1.jpg,,,"Boutique Du Château De Chimay",,,060/21.45.31,0|100,,,,,,,
moto-welcomed;restaurant-cafe-snack,,"Description à venir","Place des Ormeaux 27",,CHIMAY,BE,"Place des Ormeaux 27, 6460 CHIMAY",50.047791,chimay,4.316723,6460,Wallonie,Europe/Brussels,httpchimaycommerce.wpengine.comwp-contentuploads202007brasserie-du-casino.jpg,,,"Brasserie Du Casino",,,"060/21 49 83",,https://www.facebook.com/BrasserieDuCasinoChimay,,,,,,
textile,,"Description à venir","Rue Fernand Tilquin 18",,LOMPRET,BE,"Rue Fernand Tilquin 18, 6463 LOMPRET",50.062087,lompret,4.378601,6463,Wallonie,Europe/Brussels,httpchimaycommerce.wpengine.comwp-contentuploads202007c-vraiment-toi.jpg,,,"C Vraiment Toi",,,"060/21 44 84",,https://www.facebook.com/C-vraiment-toi-1391029524493730,,,,,,
restaurant-cafe-snack,,"Description à venir","Rue de Chimay 7",,VIRELLES,BE,"Rue de Chimay 7, 6461 VIRELLES",50.064806,virelles,4.333829,6461,Wallonie,Europe/Brussels,httpchimaycommerce.wpengine.comwp-contentuploads202007cafe-des-touristes.jpg,,,"Cafe Des Touristes",,,"060/51 31 43",,https://www.facebook.com/cafedestouristes.chimay/,,,,,,
hebergement,,"Description à venir","Allée du Prince, 6460 Chimay",,Chimay,BE,"Camping communal de Chimay, Allée du Prince, 6460 Chimay, Belgique",50.045781,chimay,4.309699,6460,Wallonie,Europe/Brussels,,,,"Camping Communal",,,,0|100,,,,,,,
hebergement,,"Description à venir","Rue de Bailièvre 1, 6460 Robechies",,Robechies,BE,"Rue de Bailièvre 1, 6460 Robechies, Belgique",50.071247,robechies,4.259203,6460,Wallonie,Europe/Brussels,,,,"Camping Et Pecherie Mon Reve",,,,0|100,,,,,,,
hebergement,,"Description à venir","Rue du Rond-Point 283, 6464 Forges",,Forges,BE,"Rue du Rond-Point 283, 6464 Forges, Belgique",49.993696,forges,4.314266,6464,Wallonie,Europe/Brussels,,,,"Camping La Camargue",,,,0|100,,,,,,,
restaurant-cafe-snack,,"Description à venir","Rue du Lac 42",,VIRELLES,BE,"Rue du Lac 42, 6461 VIRELLES",50.067025,virelles,4.33907,6461,Wallonie,Europe/Brussels,httpchimaycommerce.wpengine.comwp-contentuploads202007cantine-de-laquascope.jpg,,,"Cantine De L'Aquascope",,,"060/21 13 27",,https://www.facebook.com/Pimprenelle77,,,,,,
soins-de-sante,,"Description à venir","Rue  de Virelles 1",,Chimay,BE,"Rue  de Virelles 1, 6460 Chimay",50.049454,chimay,4.317637,6460,Wallonie,Europe/Brussels,,,,"Cawet Orthopedie",,,0476/906709,,https://www.facebook.com/Cawet-Orthopedie-scs-397788756924274/?ref=page_internal&path=%2FCawet-Orthopedie-scs-397788756924274%2F,,,,,,
bancontact;banque-et-assurance,,"Description à venir","Rue de Virelles, 3",,CHIMAY,BE,"Rue de Virelles, 3, 6460 CHIMAY",50.049416,chimay,4.317637,6460,Wallonie,Europe/Brussels,cbc.png,,,"Cbc Bank",,,"060/21 24 88",0|100,,,,,,,
immobilier,,"Description à venir","Rue Bouchère 21 ",,CHIMAY,BE,"Rue Bouchère 21 , 6460 CHIMAY",50.049784,chimay,4.309263,6460,Wallonie,Europe/Brussels,,,,"Century 21",,,"060/21 35 86",,,,,,,,
animation-musicale;attraction;contes-et-legendes;culture;devises-et-inscriptions;fantomes;tournages;loisirs;patrimoine-historique;point-de-vue;vestiges-medievaux,,,"Rue du chateau 14",,Chimay,BE,"Rue du Château 27, 6460 Chimay, Belgique",50.049007,chimay,4.314408,6460,"Waals Gewest",Europe/Brussels,accueilchateau.jpg,,acces-pmr,"Chateau De Chimay",,,060/214531,0|100,https://www.facebook.com/chateaudechimay,,,,,,https://www.chateaudechimay.be
commerce-alimentaire,,"Description à venir","Ferme Brûlée,100",,RIEZES,BE,"Ferme Brûlée,100, 6464 RIEZES",49.97011,riezes,4.3262,6464,Wallonie,Europe/Brussels,,,,"Chevret Chimacien",,,"060/21 47 53",,,,,,,,
commerce,,"Description à venir","Place Froissart, 26",,CHIMAY,BE,"Place Froissart, 26, 6460 CHIMAY",50.047535,chimay,4.31384,6460,Wallonie,Europe/Brussels,httpchimaycommerce.wpengine.comwp-contentuploads202007chimay-cordo.jpg,,,"Chimay Cordo",,,"060/21 36 38 ou 0475/54 09 76",,https://www.facebook.com/serruriechimay,,,,,,
loisirs,,,"Grand Place",,Chimay,BE,"Grand'Place 1415, 6460 Chimay, Belgique",50.048958,chimay,4.315111,6460,Wallonie,Europe/Brussels,DSC_1166-scaled.jpg,,,"Chimay Escape Room",,,0478463625,0|100,https://www.facebook.com/TresordelAbbaye,,,,,,https://www.chimayescaperoom.be
optique,,"Description à venir","Place Froissart, 18",,CHIMAY,BE,"Place Froissart, 18, 6460 CHIMAY",50.047197,chimay,4.313764,6460,Wallonie,Europe/Brussels,httpchimaycommerce.wpengine.comwp-contentuploads202007chimay-optique.jpg,,,"Chimay Optique",,,"060/21 29 68",,,,,,,,
auto-moto,,"Description à venir","Rue Trieu Godin, 44 ",,CHIMAY,BE,"Rue Trieu Godin, 44 , 6460 CHIMAY",50.047412,chimay,4.306035,6460,Wallonie,Europe/Brussels,,,,"Chimay Pneus Service",,,"060/21 94 00",,https://www.facebook.com/Denil-Moteurs-2189259927954607/,,,,,,
commerce;velo-bienvenue,,"Description à venir","Rue de Virelles,18a",,CHIMAY,BE,"Rue de Virelles,18a, 6460 CHIMAY",50.049104,chimay,4.320699,6460,Wallonie,Europe/Brussels,httpchimaycommerce.wpengine.comwp-contentuploads202007chimay-sports.jpg,,,"Chimay Sports",,,"060/21 33 39",,https://www.facebook.com/chimay.sport.3,,,,,,
auto-moto,,"Description à venir","Chée de Mons",,CHIMAY,BE,"Chée de Mons, 6460 CHIMAY",50.085017,chimay,4.293276,6460,Wallonie,Europe/Brussels,,,,Chim'Oto,,,"060/21 52 09 -",,,,,,,,
commerce;velo-bienvenue,,"Description à venir","Rue du Onze Novembre 3 boite 5",,CHIMAY,BE,"Rue du Onze Novembre 3 boite 5, 6460 CHIMAY",50.046816,chimay,4.310633,6460,Wallonie,Europe/Brussels,httpchimaycommerce.wpengine.comwp-contentuploads202007chris-cycles.jpg,,,"Chris Cycles",,,"0498 75 60 27",,https://www.facebook.com/chriscycleschimay/,,,,,,http://www.chriscycles.be/
restaurant-cafe-snack,,"Description à venir","Rue Rogier, 16",,CHIMAY,BE,"Rue Rogier, 16, 6460 CHIMAY",50.049254,chimay,4.316838,6460,Wallonie,Europe/Brussels,httpchimaycommerce.wpengine.comwp-contentuploads202007comme-chez-vero.jpg,,,"Comme Chez Vero",,,"060/21 43 77",,https://www.facebook.com/Commechezvero,,,,,,
auto-moto,,"Description à venir","Chée de Couvin, 96",,CHIMAY,BE,"Chée de Couvin, 96, 6460 CHIMAY",50.045348,chimay,4.327377,6460,Wallonie,Europe/Brussels,,,,"Comptoir Automobile S.A.",,,"060/21 13 92",,,,,,,,
textile,,"Description à venir","Rue de bailievre 69a",,Robechies,BE,"Rue de bailievre 69a, 6460 Robechies",50.071809,robechies,4.285178,6460,Wallonie,Europe/Brussels,,,,"Couleur Nature",,,478738893,,https://www.facebook.com/couleursnature4,,,,,,http://couleursnatureshop.be/
textile,,"Description à venir","Chaussée de Couvin 2",,CHIMAY,BE,"Chaussée de Couvin 2, 6460 CHIMAY",50.047163,chimay,4.319287,6460,Wallonie,Europe/Brussels,httpchimaycommerce.wpengine.comwp-contentuploads202007coup-dcoeur.jpg,,,"Coup D'Cœur",,,,,https://www.facebook.com/pages/category/Women-s-Clothing-Store/Coup-dcoeur-224877325047702/,,,,,,
banque-et-assurance,,"Description à venir","Place Froissart 16",,CHIMAY,BE,"Place Froissart 16, 6460 CHIMAY",50.047304,chimay,4.314105,6460,Wallonie,Europe/Brussels,,,,Crelan,,,"060/21 93 01",,,,,,,,
commerce,,"Description à venir","Rue de Charlemagne, 11",,BAILEUX,BE,"Rue de Charlemagne, 11, 6464 BAILEUX",50.036029,baileux,4.3817,6464,Wallonie,Europe/Brussels,,,,"Cuisines Eggo",,,"060/21 46 13",,,,,,,,
informatique,,"Description à venir","Rue du 11 novembre 3",,Chimay,BE,"Rue du Onze Novembre 3, 6460 Chimay, Belgique",50.04691,chimay,4.310842,6460,Wallonie,Europe/Brussels,httpchimaycommerce.wpengine.comwp-contentuploads202007d4y-be.jpg,,,D4Y.Be,,,"060/21 90 24",0|100,,,,,,,
coiffure,,"Description à venir","Rue maurice gauchez 7",,CHIMAY,BE,"Rue maurice gauchez 7, 6460 CHIMAY",50.049034,chimay,4.319646,6460,Wallonie,Europe/Brussels,coiffurebertrand.jpg,,,"Daniel Coiff'B",,,"060/21 32 66",0|100,https://www.facebook.com/CoiffB-221282761411919/?ref=page_internal&path=%2FCoiffB-221282761411919%2F,,,,,,
auto-moto,,"Description à venir","Chée de Mons,21",,CHIMAY,BE,"Chée de Mons,21, 6460 CHIMAY",50.051482,chimay,4.308817,6460,Wallonie,Europe/Brussels,,,,"Denil Moteurs",,,"060/21 21 14",,,,,,,,
commerce-alimentaire,,"Description à venir","Route Charlemagne, 5b",,BAILEUX,BE,"Route Charlemagne, 5b, 6464 BAILEUX",50.035979,baileux,4.375386,6464,Wallonie,Europe/Brussels,httpchimaycommerce.wpengine.comwp-contentuploads202007discobeer.jpg,,,Discobeer,,,"060/21 12 99",,https://www.facebook.com/Discobeer-Riches-P%C3%A2turages-110867187201440,,,,,,https://www.discobeer.be
restaurant-cafe-snack,,"Description à venir","Rue du Lac, 35",,VIRELLES,BE,"Rue du Lac, 35, 6461 VIRELLES",50.066675,virelles,4.338529,6461,Wallonie,Europe/Brussels,httpchimaycommerce.wpengine.comwp-contentuploads202007edgard-et-madeleine.jpg,,,"Edgard Et Madeleine",,,"060/21 10 71",,,,,,,,
restaurant-cafe-snack,,"Description à venir","Rue Rogier 20",,CHIMAY,BE,"Rue Rogier 20, 6460 CHIMAY",50.049252,chimay,4.316838,6460,Wallonie,Europe/Brussels,httpchimaycommerce.wpengine.comwp-contentuploads202007el-greco.jpg,,,"El Greco",,,"060/21 97 99",,https://www.facebook.com/ElgrecoChimay,,,,,,
commerce-alimentaire,,"Description à venir","Rue Joaris 32",,LOMPRET,BE,"Rue Joaris 32, 6463 LOMPRET",50.063838,lompret,4.378054,6463,Wallonie,Europe/Brussels,,,,"Elevage De La Petite Suisse",,,0499/631394,,https://www.facebook.com/Elevage-de-la-Petite-Suisse-138534396176422,,,,,,http://www.elevagedelapetitesuisse.be/
commerce,,"Description à venir","Rue de Rocroi, 19",,BAILEUX,BE,"Rue de Rocroi, 19, 6464 BAILEUX",50.0296,baileux,4.373868,6464,Wallonie,Europe/Brussels,httpchimaycommerce.wpengine.comwp-contentuploads202007epicerie-baileusienne.jpg,,,"Epicerie Baileusienne",,,"060/21 46 70",,https://www.facebook.com/lepiceriebaileusienne,,,,,,
commerce,,"<img class=""alignnone size-medium wp-image-3270"" src=""http://chimay-commerce.be/wp-content/uploads/2020/07/httpchimaycommerce.wpengine.comwp-contentuploads202007auberge-de-poteaupre-300x203.jpg"" alt="""" width=""300"" height=""203"" />","Rue de Poteaupré,5",,BOURLERS,BE,"Rue de Poteaupré,5, 6464 BOURLERS",49.988679,bourlers,4.342108,6464,Wallonie,Europe/Brussels,httpchimaycommerce.wpengine.comwp-contentuploads202007auberge-de-poteaupre.jpg,,,"Espace Chimay",,,060/21.14.33,0|100,https://www.facebook.com/EspaceChimay/,,,,,,https://chimay.com/lespace-chimay/
moto-welcomed;restaurant-cafe-snack,,"Description à venir","Place Léopold, 10",,CHIMAY,BE,"Place Léopold, 10, 6460 CHIMAY",50.046995,chimay,4.318406,6460,Wallonie,Europe/Brussels,httpchimaycommerce.wpengine.comwp-contentuploads202007espace-pizza.jpg,,,"Espace Pizza",,,"060/45 53 33",,https://www.facebook.com/Espace-pizza-Chimay-271581706268497,,,,,,
auto-moto,,"Description à venir","Rue  de Virelles 18",,CHIMAY,BE,"Rue  de Virelles 18, 6460 CHIMAY",50.049156,chimay,4.320624,6460,Wallonie,Europe/Brussels,,,,"Espaces Car Srl ",,,"060/219 280",,,,,,,,
carburants,,"Description à venir","Rue du Lac, 20",,VIRELLES,BE,"Rue du Lac, 20, 6461 VIRELLES",50.066204,virelles,4.336128,6461,Wallonie,Europe/Brussels,,,,"Ets Brousmiche-Michelet",,,"060/21 13 66",,https://www.facebook.com/bmmazout/,,,,,,https://www.bmmazout.be/
commerce,,"Description à venir","Rue de Forges, 51",,CHIMAY,BE,"Rue de Forges, 51, 6460 CHIMAY",50.041732,chimay,4.318864,6460,Wallonie,Europe/Brussels,httpchimaycommerce.wpengine.comwp-contentuploads202007ets-canivet.jpg,,,"Ets Canivet",,,"060/21 11 65",,,,,,,,https://www.canivetchimay.be/
commerce-alimentaire,,"Description à venir","Rue du Lac, 27 ",,VIRELLES,BE,"Rue du Lac, 27 , 6461 VIRELLES",50.065787,virelles,4.335976,6461,Wallonie,Europe/Brussels,,,,"Fagnes Et Saveurs",,,"060/21 24 49",,https://www.facebook.com/FagnessaveursScrl,,,,,,
hebergement,,"Description à venir","Chaussée de Mons 61/63",,ROBECHIES,BE,"Chaussée de Mons 61/63, 6460 ROBECHIES",50.070094,robechies,4.294437,6460,Wallonie,Europe/Brussels,,,,"Ferme De La Barriere",,,"060/21 03 70",,,,,,,,
restaurant-cafe-snack,,"Description à venir","Rue de Scourmont, 8b",,BOURLERS,BE,"Rue de Scourmont, 8b, 6464 BOURLERS",49.983862,bourlers,4.34866,6464,Wallonie,Europe/Brussels,httpchimaycommerce.wpengine.comwp-contentuploads202007ferme-des-4-saisons.jpg,,,"Ferme Des 4 Saisons",,,"060/21 42 46",,https://www.facebook.com/La-Ferme-des-4-Saisons-1791295941100486,,,,,,
commerce-alimentaire,,"Description à venir","Ferme Mouligneau 272",,FORGES,BE,"Ferme Mouligneau 272, 6464 FORGES",50.029519,forges,4.319204,6464,Wallonie,Europe/Brussels,ferrmedumouligneau.jpg,,,"Ferme Du Mouligneau",,,"060/21 13 89",0|100,,,,,,,
hebergement,,"Description à venir","Rue Neuf Maisons 2/3",,VAULX,BE,"Rue Neuf Maisons 2/3, 6462 VAULX",50.05225,vaulx,4.36322,6462,Wallonie,Europe/Brussels,,,,"Ferme Lonensis",,,"015/51 17 04",,,,,,,,
loisirs,,"Description à venir","Rue jean Fichbach 1a",,Chimay,BE,"Rue jean Fichbach 1a, 6460 Chimay",50.050096,chimay,4.317944,6460,Wallonie,Europe/Brussels,,,,"Fitness Sport Center Chimay",,,"0472/75 70 34 ",,https://www.facebook.com/FitnessSportCenterChimay,,,,,,
commerce,,"Description à venir","rue de Bourlers 2a",,CHIMAY,BE,"rue de bourlers 2a, 6460 CHIMAY",50.047725,chimay,4.320939,6460,Wallonie,Europe/Brussels,httpchimaycommerce.wpengine.comwp-contentuploads202007fix-my-phone.jpg,,,"Electro Pierrot",,,"060/21 39 43",0|100,https://www.facebook.com/fixmyphonebelgique,,,,,,https://www.electropierrot.be
jardins-et-fleurs,,"Description à venir","Rue du cimetière, 274",,FORGES,BE,"Rue du cimetière, 274, 6464 FORGES",50.027554,forges,4.319696,6464,Wallonie,Europe/Brussels,,,,"Flora 2000",,,"060/21 47 56",,,,,,,,
bancontact;banque-et-assurance,,"Description à venir","Place Froissart",,CHIMAY,BE,"Place Froissart, 6460 CHIMAY",50.047229,chimay,4.31354,6460,Wallonie,Europe/Brussels,fortis.jpeg,,,"BNP-Paribas Fortis",,,"060/21 03 50",0|100,,,,,,,
restaurant-cafe-snack,,"Description à venir","place de saint remy ",,SAINT-REMY,BE,"place de saint remy , 6460 SAINT-REMY",50.045899,saint-remy,4.295619,6460,Wallonie,Europe/Brussels,httpchimaycommerce.wpengine.comwp-contentuploads202007friterie-chez-coco.jpg,,,"Friterie Chez Coco",,,"0496/98 38 73",,https://www.facebook.com/Friterie-chez-Coco-et-Maryline-1649393998637556,,,,,,
moto-welcomed;restaurant-cafe-snack,,"Description à venir","Place léopold ",,Chimay,BE,"Place léopold , 6460 Chimay",50.047302,chimay,4.317328,6460,Wallonie,Europe/Brussels,httpchimaycommerce.wpengine.comwp-contentuploads202007friterie-des-fagnes.jpg,,,"Friterie Des Fagnes",,,,,,,,,,,
auto-moto,,"Description à venir","Zoning industriel 20",,BAILEUX,BE,"Zoning industriel 20, 6464 BAILEUX",50.035664,baileux,4.379526,6464,Wallonie,Europe/Brussels,,,,"Garage Dusaucy-Ligier",,,"060/21 17 61",,https://www.facebook.com/LigierDusaucy,,,,,,
auto-moto,,"Description à venir","Chée de Couvin, 29",,CHIMAY,BE,"Chée de Couvin, 29, 6460 CHIMAY",50.047179,chimay,4.320945,6460,Wallonie,Europe/Brussels,,,,"Garage Gilloteaux",,,"060/21 12 95",,,,,,,,
auto-moto,,"Description à venir","Zoning industriel,7",,BAILEUX,BE,"Zoning industriel,7, 6465 BAILEUX",50.035664,baileux,4.379526,6465,Wallonie,Europe/Brussels,,,,"Garage Guérin Jean-Yves Sprl",,,"060/21 04 45",,,,,,,,https://www.dealer.volvotrucks.be/guerin/about-us.html
auto-moto,,"Description à venir","Rue de la Fagne, 1",,CHIMAY,BE,"Rue de la Fagne, 1, 6460 CHIMAY",50.119315,chimay,4.282209,6460,Wallonie,Europe/Brussels,,,,"Garage Leseine P",,,"060/41 28 76",,,,,,,,
auto-moto,,"Description à venir","Chaussée de Mons 102",,CHIMAY,BE,"Chaussée de Mons 102, 6460 CHIMAY",50.0671,chimay,4.295705,6460,Wallonie,Europe/Brussels,,,,"Garage Renault",,,"060/21 27 05",,https://www.facebook.com/garageoliviergreme,,,,,,
auto-moto,,"Description à venir","Rue Poterie, 21",,FORGES,BE,"Rue Poterie, 21, 6464 FORGES",50.025916,forges,4.328278,6464,Wallonie,Europe/Brussels,,,,"Garage Schouleur",,,"060/21 16 09",,https://www.facebook.com/Garage-Schouleur-589228067900412,,,,,,https://www.eurorepar.be/garage-schouleur-5354.html
auto-moto,,"Description à venir","Rue de Virelles, 34",,CHIMAY,BE,"Rue de Virelles, 34, 6460 CHIMAY",50.050464,chimay,4.326827,6460,Wallonie,Europe/Brussels,,,,"Garage Vilain J. Et Fils",,,"060/21 12 83",,https://www.facebook.com/vilainetfils,,,,,,http://www.vilainetfils.be/
esthetique,,"Description à venir","rue des marcheurs ",,virelles,BE,"rue des marcheurs , 6461 virelles",50.062517,virelles,4.331427,6461,Wallonie,Europe/Brussels,,,,"Giroux Anne",,,"0479/71 08 08",,,,,,,,
hebergement,,"Description à venir","Rue du Château 11",,CHIMAY,BE,"Rue du Château 11, 6460 CHIMAY",50.049005,chimay,4.314518,6460,Wallonie,Europe/Brussels,,,,"Gite De La Principaute",,,0478/46.36.25,0|100,https://www.facebook.com/Gite.Chimay/,,,,,,https://www.gitedelaprincipaute.be
hebergement,,"Description à venir","Rue de Scourmont 8a",,BOURLERS,BE,"Rue de Scourmont 8a, 6464 BOURLERS",49.983862,bourlers,4.34866,6464,Wallonie,Europe/Brussels,,,,"Gite Des 4 Saisons",,,"060/21 42 46",,,,,,,,
hebergement,,"Description à venir","Rue Bruyère 45",,BAILEUX,BE,"Rue Bruyère 45, 6464 BAILEUX",50.028203,baileux,4.393621,6464,Wallonie,Europe/Brussels,,,,"Gite La Bruyere",,,"060/21 46 17",,,,,,,,
moto-welcomed;restaurant-cafe-snack,,"Description à venir","Grand Place 18",,CHIMAY,BE,"Grand Place 18, 6460 CHIMAY",50.04873,chimay,4.314175,6460,Wallonie,Europe/Brussels,httpchimaycommerce.wpengine.comwp-contentuploads202007grand-cafe.jpg,,,"Le Grand Café",,,"0484/74 47 42",0|100,https://www.facebook.com/grandcafechimay,,,,,,
coiffure,,"Morphocoiffure dame, homme, enfant

Coloration végétale","Rue Rogier 7",,CHIMAY,BE,"Rue Rogier 7, 6460 CHIMAY",50.049339,chimay,4.316832,6460,Wallonie,Europe/Brussels,gregcoiffure-scaled.jpg,,,"Greg Coiffure",,,"060/21 55 95",0|100,https://www.facebook.com/gregcoiffure/,,,,,,
commerce,,"Description à venir","Avenue des Tilleuls, 21",,CHIMAY,BE,"Avenue des Tilleuls, 21, 6460 CHIMAY",50.044582,chimay,4.302708,6460,Wallonie,Europe/Brussels,httpchimaycommerce.wpengine.comwp-contentuploads202007home-de-lart.jpg,,,"Home De L'Art",,,"060/21 44 77",,,,,,,,
hebergement,,"Description à venir","Courtil au Martia, 18",,LOMPRET,BE,"Courtil au Martia, 18, 6463 LOMPRET",50.064233,lompret,4.379514,6463,Wallonie,Europe/Brussels,,,,"Hotel De Franc Bois",,,"060/21 44 75",,,,,,,,
commerce,,"Description à venir","Chée de Couvin",,CHIMAY,BE,"Chée de Couvin, 6460 CHIMAY",50.04432,chimay,4.332971,6460,Wallonie,Europe/Brussels,httpchimaycommerce.wpengine.comwp-contentuploads202007hubo.jpg,,,Hubo,,,"060/21 42 31",,,,,,,,
,,"Description à venir","Rue de Virelles, 20",,CHIMAY,BE,"Rue de Virelles, 20, 6460 CHIMAY",50.049785,chimay,4.321447,6460,Wallonie,Europe/Brussels,httpchimaycommerce.wpengine.comwp-contentuploads202007imprimerie-michaux-s-a.jpg,,,"Imprimerie Michaux S.A.",,,"060/21 10 16",,,,,,,,
banque-et-assurance,,"Description à venir","Place des Princes, 2",,CHIMAY,BE,"Place des Princes, 2, 6460 CHIMAY",50.049006,chimay,4.319955,6460,Wallonie,Europe/Brussels,,,,Ing,,,"060/21 04 00",,,,,,,,
esthetique,,"Description à venir","Rue des Pommiers, 22",,CHIMAY,BE,"Rue des Pommiers, 22, 6460 CHIMAY",50.045687,chimay,4.326038,6460,Wallonie,Europe/Brussels,,,,"Institut Carole",,,"060/21 53 73",,https://www.facebook.com/institutCaroleChimay,,,,,,http://www.institutcarole.be/
commerce,,"Description à venir","rue des Hoeules 57",,villers,BE,"rue des Hoeules 57, 6460 villers",50.030637,,4.261994,6460,Wallonie,Europe/Brussels,httpchimaycommerce.wpengine.comwp-contentuploads202007interieur-passion.jpg,,,"Interieur Passion",,,60456385,,https://www.facebook.com/pages/category/Home-Improvement/Int%C3%A9rieur-Passion-2453344994680504/,,,,,,
commerce,,"<img class=""alignnone size-medium wp-image-3636"" src=""http://chimay-commerce.be/wp-content/uploads/2020/07/interieurtendance-300x200.jpg"" alt="""" width=""300"" height=""200"" />Description à venir","Zoning Industriel 7a",,BAILEUX,BE,"Zoning Industriel 7a, 6464 BAILEUX",50.035664,baileux,4.379526,6464,Wallonie,Europe/Brussels,interieurtendance.jpg,,,"Interieur Tendance",,,"0491/39 56 68",0|100,https://www.facebook.com/interieur.tendance,,,,,,
traiteur,,"Description à venir","rue de la gare 49",,Chimay,BE,"rue de la gare 49, 6460 Chimay",50.033235,chimay,4.264719,6460,Wallonie,Europe/Brussels,httpchimaycommerce.wpengine.comwp-contentuploads202007just-traiteur.jpg,,,"Just Traiteur",,,0472/619229,,https://www.facebook.com/justtraiteur,,,,,,
hebergement,,"Description à venir","Les Fermes 70",,BAILIEVRE,BE,"Les Fermes 70, 6460 BAILIEVRE",50.072106,bailievre,4.234756,6460,Wallonie,Europe/Brussels,,,,"La Baie Du Lievre",,,"060/21 21 44",,,,,,,,
commerce,,"Description à venir","Rue Virelles,18a",,CHIMAY,BE,"Rue Virelles,18a, 6460 CHIMAY",50.049104,chimay,4.320699,6460,Wallonie,Europe/Brussels,httpchimaycommerce.wpengine.comwp-contentuploads202007la-berceuse.jpg,,,"La Berceuse",,,"060/21 4 240",,https://www.facebook.com/La-Berceuse-196449573710128,,,,,,
hebergement,,"Description à venir","Rue Albert Dumont 59",,LOMPRET,BE,"Rue Albert Dumont 59, 6463 LOMPRET",50.088211,lompret,4.380982,6463,Wallonie,Europe/Brussels,,,,"La Boerderij",,,"0478/93 21 03",,,,,,,,
restaurant-cafe-snack,,"Description à venir","Rue du Rond Point",,FORGES,BE,"Rue du Rond Point, 6464 FORGES",49.994197,forges,4.314321,6464,Wallonie,Europe/Brussels,,,,"La Camargue",,,"060/21 18 02",,,,,,,,
restaurant-cafe-snack,,"Description à venir","Place Froissart 8",,CHIMAY,BE,"Place Froissart 8, 6460 CHIMAY",50.047527,chimay,4.314809,6460,Wallonie,Europe/Brussels,httpchimaycommerce.wpengine.comwp-contentuploads202007la-charlotte.jpg,,,"La Charlotte",,,"060/21 21 00",,https://www.facebook.com/lacharlotte.chimay,,,,,,
moto-welcomed;restaurant-cafe-snack,,"Description à venir","Grand-Place 16",,CHIMAY,BE,"Grand-Place 16, 6460 CHIMAY",50.048741,chimay,4.314232,6460,Wallonie,Europe/Brussels,httpchimaycommerce.wpengine.comwp-contentuploads202007la-chimassiette.jpg,,,"La Chimassiette",,,060/21.90.42,,https://www.facebook.com/lachimassiette,,,,,,
restaurant-cafe-snack,,"Description à venir","Rte des Deux Parcs 2",,CHIMAY,BE,"Rte des Deux Parcs 2, 6460 CHIMAY",50.084453,chimay,4.266021,6460,Wallonie,Europe/Brussels,httpchimaycommerce.wpengine.comwp-contentuploads202007la-foulque.jpg,,,"La  Foulque",,,"060/21 17 35",,,,,,,,
moto-welcomed;restaurant-cafe-snack,,"Description à venir","Rue de Virelles, 18b",,CHIMAY,BE,"Rue de Virelles, 18b, 6460 CHIMAY",50.049156,chimay,4.320624,6460,Wallonie,Europe/Brussels,httpchimaycommerce.wpengine.comwp-contentuploads202007la-fringale.jpg,,,"La Fringale",,,"0472/42,68,95",,https://www.facebook.com/AlFringale,,,,,,
animaux,,"Description à venir","Rue Robert Willame,161",,FORGES,BE,"Rue Robert Willame,161, 6464 FORGES",50.02427,forges,4.32434,6464,Wallonie,Europe/Brussels,httpchimaycommerce.wpengine.comwp-contentuploads202007la-maison-du-pecheur.jpg,,,"La Maison Du Pecheur",,,"060 21 19 14 ou 0479/30 53 26",0|100,https://www.facebook.com/La-maison-du-p%C3%AAcheur-259477884976905,,,,,,
moto-welcomed;restaurant-cafe-snack,,"Description à venir","Place Léopold, 7",,CHIMAY,BE,"Place Léopold, 7, 6460 CHIMAY",50.047093,chimay,4.318598,6460,Wallonie,Europe/Brussels,httpchimaycommerce.wpengine.comwp-contentuploads202007la-malterie.jpg,,,"La Malterie",,,"060/21 32 30",,https://www.facebook.com/lamalteriechimay/,,,,,,
restaurant-cafe-snack,,"Description à venir","rue van humbeeck",,Chimay,BE,"rue van humbeeck, 6460 Chimay",50.047581,chimay,4.319759,6460,Wallonie,Europe/Brussels,httpchimaycommerce.wpengine.comwp-contentuploads202007la-petite-fourchette.jpg,,,"La Petite Fourchette",,,060/730443,,https://www.facebook.com/La-petite-fourchette-1641672419439198,,,,,,
commerce,,"Description à venir","Grand-Place, 26",,CHIMAY,BE,"Grand-Place, 26, 6460 CHIMAY",50.049137,chimay,4.315973,6460,Wallonie,Europe/Brussels,httpchimaycommerce.wpengine.comwp-contentuploads202007la-providence.jpg,,,"La Providence",,,"060/21 10 34",,,,,,,,
animaux,,"Description à venir","Rue des Tilleuls 14",,CHIMAY,BE,"Rue des Tilleuls 14, 6460 CHIMAY",50.04598,chimay,4.30471,6460,Wallonie,Europe/Brussels,,,,"La Vallee Des Toutous",,,"0474 58 16 45",,https://www.facebook.com/valedestoutous,,,,,,
restaurant-cafe-snack,,"Description à venir","Rue du Pont du Welz",,CHIMAY,BE,"Rue du Pont du Welz, 6460 CHIMAY",50.048698,chimay,4.315263,6460,Wallonie,Europe/Brussels,httpchimaycommerce.wpengine.comwp-contentuploads202007lafter.jpg,,,L'After,,,,,,,,,,,
coiffure,,"<img class=""alignnone size-medium wp-image-3615"" src=""http://chimay-commerce.be/wp-content/uploads/2020/07/anamorphose-300x219.jpg"" alt="""" width=""300"" height=""219"" />Description à venir","Rue du Marché 4a",,VIRELLES,BE,"Rue du Marché 4a, 6461 VIRELLES",50.064373,virelles,4.333404,6461,Wallonie,Europe/Brussels,anamorphose.jpg,,,L'Anamorphose,,,"060/51 11 70",0|100,https://www.facebook.com/Lanamorphose-salon-de-coiffure-253021834749181,,,,,,https://www.coiffurelanamorphose.be-
art-artisanat;artisan-createur,,"<img class=""alignnone size-medium wp-image-3595"" src=""http://chimay-commerce.be/wp-content/uploads/2020/07/76190537_744916546023092_2054640211840729088_n-300x225.jpg"" alt="""" width=""300"" height=""225"" />Description à venir","Rue au Filet 18",,CHIMAY,BE,"Rue au Filet 18, 6460 CHIMAY",50.048905,chimay,4.315866,6460,Wallonie,Europe/Brussels,76190537_744916546023092_2054640211840729088_n.jpg,,,"L'Atelier D'Isa",,,"0477/76 70 61",0|100,https://www.facebook.com/Atelier.Poterie.Chimay.ceramique.activite/,,,,,,
restaurant-cafe-snack,,"Description à venir","Rue de Rocroi,102",,BAILEUX,BE,"Rue de Rocroi,102, 6464 BAILEUX",50.00322,baileux,4.38089,6464,Wallonie,Europe/Brussels,httpchimaycommerce.wpengine.comwp-contentuploads202007lattrape-loup.jpg,,,L'Attrape-Loup,,,"060/21 11 47",,https://www.facebook.com/LattrapeLoup,,,,,,
restaurant-cafe-snack,,"Description à venir","Chée de Mons, 55b",,CHIMAY,BE,"Chée de Mons, 55b, 6460 CHIMAY",50.070685,chimay,4.293893,6460,Wallonie,Europe/Brussels,httpchimaycommerce.wpengine.comwp-contentuploads202007le-beauchamp.jpg,,,"Le Beauchamp",,,"060/21 38 70",,https://www.facebook.com/LeBeauchamp,,,,,,
restaurant-cafe-snack,,"Description à venir","Place de Virelles 18",,VIRELLES,BE,"Place de Virelles 18, 6461 VIRELLES",50.062616,virelles,4.333511,6461,Wallonie,Europe/Brussels,httpchimaycommerce.wpengine.comwp-contentuploads202007le-cerf-feuille.jpg,,,"Le Cerf Feuille",,,"060/34 63 72",,https://www.facebook.com/Cerffeuillevirelles,,,,,,
restaurant-cafe-snack,,"Description à venir","Rue rogier",,Chimay,BE,"Rue rogier, 6460 Chimay",50.049302,chimay,4.316648,6460,Wallonie,Europe/Brussels,httpchimaycommerce.wpengine.comwp-contentuploads202007le-comptoir-doscar.jpg,,,"Le Comptoir D'Oscar",,,060/512935,,https://www.facebook.com/Le-comptoir-dOscar-656673934854338,,,,,,
restaurant-cafe-snack,,"Description à venir","Rue de Virelles,18",,CHIMAY,BE,"Rue de Virelles,18, 6460 CHIMAY",50.049156,chimay,4.320624,6460,Wallonie,Europe/Brussels,httpchimaycommerce.wpengine.comwp-contentuploads202007le-crocmidi.jpg,,,"Le Croc'Midi",,,"060/51 41 14 NON ATTRIBUE",,https://www.facebook.com/Le-CrocMidi-Sandwicherie-Chimay-221812484548388,,,,,,
commerce-alimentaire,,"Description à venir","rue forge-monseu",,virelles,BE,"rue forge-monseu, 6461 virelles",50.05324,virelles,4.33813,6461,Wallonie,Europe/Brussels,,,,"Le Jardin Des 2 Rivieres",,,0476/338429,,https://www.facebook.com/pages/category/Gardener/Jardin-des-deux-Rivi%C3%A8res-2375970539293927/,,,,,,http://www.jardindesdeuxrivieres.be/
hebergement,,"Description à venir","Rue du Feuillet 18",,SAINT-REMY,BE,"Rue du Feuillet 18, 6460 SAINT-REMY",50.043149,saint-remy,4.29917,6460,Wallonie,Europe/Brussels,,,,"Le Jardin Du Feuillet",,,"060/21 36 69",,,,,,,,
hebergement,,"Description à venir","Rue de Bailièvre 96B",,ROBECHIES,BE,"Rue de Bailièvre 96B, 6460 ROBECHIES",50.070643,robechies,4.276234,6460,Wallonie,Europe/Brussels,,,,"Le Marteaubois",,,"0475/36 18 35",,,,,,,,
restaurant-cafe-snack,,"Description à venir","Pl. de l'église 23",,BAILEUX,BE,"Pl. de l'église 23, 6464 BAILEUX",50.02871,baileux,4.37605,6464,Wallonie,Europe/Brussels,httpchimaycommerce.wpengine.comwp-contentuploads202007le-neemrod.jpg,,,"Le Nemrod",,,"060/51 24 90",0|100,,,,,,,
librairie-papeterie,,"Description à venir","Rue des Ormeaux, 25",,CHIMAY,BE,"Rue des Ormeaux, 25, 6460 CHIMAY",50.0477,chimay,4.316348,6460,Wallonie,Europe/Brussels,httpchimaycommerce.wpengine.comwp-contentuploads202007le-papyrus.jpg,,,"Le Papyrus",,,"060/21 44 08",,https://www.facebook.com/librairiechimay,,,,,,
hebergement,,"Description à venir","Place du Chapitre, 5",,CHIMAY,BE,"Place du Chapitre, 5, 6460 CHIMAY",50.049597,chimay,4.316536,6460,Wallonie,Europe/Brussels,,,,"Le Petit Chapitre",,,"060/21 10 42",,,,,,,,
restaurant-cafe-snack,,"Description à venir","Grand Place, 28",,CHIMAY,BE,"Grand Place, 28, 6460 CHIMAY",50.049138,chimay,4.31597,6460,Wallonie,Europe/Brussels,httpchimaycommerce.wpengine.comwp-contentuploads202007le-picotin.jpg,,,"Le Picotin",,,"060/21 18 97",,,,,,,,
jardins-et-fleurs,,"Description à venir","Chaussée de Couvin 3",,CHIMAY,BE,"Chaussée de Couvin 3, 6460 CHIMAY",50.04731,chimay,4.319616,6460,Wallonie,Europe/Brussels,httpchimaycommerce.wpengine.comwp-contentuploads202007le-pti-fleuriste.jpg,,,"Le P'Ti Fleuriste",,,"060/41 12 77",,https://www.facebook.com/leptifleuriste/,,,,,,
moto-welcomed;restaurant-cafe-snack,,"Description à venir","Grand-rue, 22",,CHIMAY,BE,"Grand-rue, 22, 6460 CHIMAY",50.048647,chimay,4.314167,6460,Wallonie,Europe/Brussels,httpchimaycommerce.wpengine.comwp-contentuploads202007le-queen-mary.jpg,,,"Le Queen-Mary",,,"060/21 23 81",,https://www.facebook.com/queenmarychimay,,,,,,
moto-welcomed;restaurant-cafe-snack,,"Description à venir","Place Léopold, 3",,CHIMAY,BE,"Place Léopold, 3, 6460 CHIMAY",50.04763,chimay,4.318446,6460,Wallonie,Europe/Brussels,httpchimaycommerce.wpengine.comwp-contentuploads202007le-relais.jpg,,,"Le Relais",,,"060/21 13 53",,,,,,,,
restaurant-cafe-snack,,"Description à venir","R. de Bailièvre 2b",,ROBECHIES,BE,"R. de Bailièvre 2b, 6460 ROBECHIES",50.072694,robechies,4.259559,6460,Wallonie,Europe/Brussels,,,,"Le Repos Du Templier",,,"0497/46 86 92",,,,,,,,
restaurant-cafe-snack,,"Description à venir","Rue Sainte Monégonde 44",,SALLES,BE,"Rue Sainte Monégonde 44, 6460 SALLES",50.055611,salles,4.245141,6460,Wallonie,Europe/Brussels,httpchimaycommerce.wpengine.comwp-contentuploads202007le-snack-saint-antoine.jpg,,,"Le Snack Saint Antoine",,,"060/21 93 19",,https://www.facebook.com/snacksaintantoine,,,,,,
commerce,,"Description à venir","rue de la station 171",,Forges,BE,"rue de la station 171, 6464 Forges",50.02216,forges,4.325282,6464,Wallonie,Europe/Brussels,httpchimaycommerce.wpengine.comwp-contentuploads202007le-temps-dun-cadeau.jpg,,,"Le Temps D'Un Cadeau",,,"0489 91 47 47",,https://www.facebook.com/letempsduncadeau,,,,,,https://letempsduncadeau.ccvshop.be/
commerce,,"Description à venir","Rue de Bourlers 32a",,Chimay,BE,"Rue de Bourlers 32a, 6460 Chimay, Belgique",50.045721,chimay,4.3231,6460,Wallonie,Europe/Brussels,httpchimaycommerce.wpengine.comwp-contentuploads202007le-tournesol-un-choix-de-vie.jpg,,,"Le Tournesol-Un Choix De Vie",,,"060/21 39 18",0|100,,,,,,,
restaurant-cafe-snack,,"Description à venir","Rue Joaris, 27",,LOMPRET,BE,"Rue Joaris, 27, 6463 LOMPRET",50.063838,lompret,4.378054,6463,Wallonie,Europe/Brussels,httpchimaycommerce.wpengine.comwp-contentuploads202007leau-blanche.jpg,,,"L'Eau Blanche",,,"060/21 18 64",,https://www.facebook.com/leaublanchelompret,,,,,,
commerce-alimentaire,,"Description à venir","Rue de Bourlers 1a",,CHIMAY,BE,"Rue de Bourlers 1a, 6460 CHIMAY",50.047945,chimay,4.321365,6460,Wallonie,Europe/Brussels,httpchimaycommerce.wpengine.comwp-contentuploads202007leonidas.jpg,,,Leonidas,,,"060/21 23 90",,,,,,,,
banque-et-assurance,,"Description à venir","Chée de Couvin, 37",,CHIMAY,BE,"Chée de Couvin, 37, 6460 CHIMAY",50.047067,chimay,4.321428,6460,Wallonie,Europe/Brussels,,,,"Les Ap Assurances",,,"060/21 10 30",,,,,,,,
restaurant-cafe-snack,,"Description à venir","Rue Roger de Keyser 101",,Forges,BE,"Rue Roger de Keyser 101, 6464 Forges, Belgique",50.013655,forges,4.319644,6464,Wallonie,Europe/Brussels,httpchimaycommerce.wpengine.comwp-contentuploads202007les-etans-gourmands.jpg,,,"Les Etangs Gourmands",,,"060/21 26 60 - 0479/33 81 83",0|100,https://www.facebook.com/LesEtangsGourmands,,,,,,
textile,,"Description à venir","place froissart 32a",,Chimay,BE,"place froissart 32a, 6460 Chimay",50.047036,chimay,4.313293,6460,Wallonie,Europe/Brussels,httpchimaycommerce.wpengine.comwp-contentuploads202007les-petits-branches.jpg,,,"Les Petits Branchés",,,"0477 67 76 27",,,,,,,,
loisirs,,"Description à venir","Chaussée de Trélon 24",,CHIMAY,BE,"Chaussée de Trélon 24, 6460 CHIMAY",50.052559,chimay,4.298644,6460,Wallonie,Europe/Brussels,,,,"Les Petits Lutins",,,"0471/18 78 91",,,,,,,,
commerce-alimentaire,,"Description à venir","Chaussée de Trélon,20",,CHIMAY,BE,"Chaussée de Trélon,20, 6460 CHIMAY",50.052175,chimay,4.300949,6460,Wallonie,Europe/Brussels,discobeer.jpg,,,"Les Riches Paturages",,,"060/51 13 15",0|100,,,,,,,
esthetique,,"Description à venir","Rue des Usines 1b",,Bourlers,BE,"Rue des Usines 1b, 6464 Bourlers",50.024738,bourlers,4.344918,6464,Wallonie,Europe/Brussels,,,,L'Évasion,,,0478/292652,,,,,,,,
supermarche,,"Description à venir","Ch. de Couvin",,CHIMAY,BE,"Ch. de Couvin, 6460 CHIMAY",50.044804,chimay,4.330861,6460,Wallonie,Europe/Brussels,,,,Lidl,,,,,,,,,,,
textile,,"Description à venir","Rue des Ormeaux, 8",,CHIMAY,BE,"Rue des Ormeaux, 8, 6460 CHIMAY",50.047644,chimay,4.315569,6460,Wallonie,Europe/Brussels,httpchimaycommerce.wpengine.comwp-contentuploads202007lingerie-dominique.jpg,,,"Lingerie Dominique",,,"060/21 32 54",,https://www.facebook.com/pages/category/Women-s-Clothing-Store/Lingerie-Dominique-534104916750679/,,,,,,
commerce,,"Description à venir","Pont du Welz 7",,CHIMAY,BE,"Pont du Welz 7, 6460 CHIMAY",50.048621,chimay,4.315336,6460,Wallonie,Europe/Brussels,httpchimaycommerce.wpengine.comwp-contentuploads202007lolipop.jpg,,,Lolipop,,,"060/45 59 33",,https://www.facebook.com/lolipopchimay,,,,,,
commerce-alimentaire,,"Fabrication artisanale de pâtisserie fine, maCarons, viennoiseries, glaces, chocolats, biscuiterie et confiseries.
Dépôt de boulangerie (Pains et baguettes).
Cours de pâtisserie.","rue de l'athénée 32",,Chimay,BE,"rue de l'athénée 32, 6460 Chimay",50.048219,chimay,4.314939,6460,Wallonie,Europe/Brussels,httpchimaycommerce.wpengine.comwp-contentuploads202007macaron-co.jpg,,,"Macaro'N Co",,,,0|100,https://www.facebook.com/macaroandco,,,,,,
supermarche,,"Description à venir","Chée de Mons, 17",,CHIMAY,BE,"Chée de Mons, 17, 6460 CHIMAY",50.051241,chimay,4.309154,6460,Wallonie,Europe/Brussels,,,,"Match S.A.",,,"060/21 02 80",,,,,,,,
restaurant-cafe-snack,,"Description à venir","Chaussée de Couvin, 118",,CHIMAY,BE,"Chaussée de Couvin, 118, 6460 CHIMAY",50.044493,chimay,4.331068,6460,Wallonie,Europe/Brussels,httpchimaycommerce.wpengine.comwp-contentuploads202007meet-wok.jpg,,,"Meet Wok",,,"060/21 95 88",,https://www.facebook.com/meetwokchimay,,,,,,
agence-de-voyage,,"Description à venir","Rue du Faubourg 12",,CHIMAY,BE,"Rue du Faubourg 12, 6460 CHIMAY",50.047349,chimay,4.312866,6460,Wallonie,Europe/Brussels,httpchimaycommerce.wpengine.comwp-contentuploads202007ml-voyages.jpg,,,"Ml Voyages",,,"060/21 42 69",,https://www.facebook.com/mlvoyages,,,,,,
commerce,,"Description à venir","Rue du faubourg 2",,Chimay,BE,"Rue du faubourg 2, 6460 Chimay",50.047305,chimay,4.313231,6460,Wallonie,Europe/Brussels,httpchimaycommerce.wpengine.comwp-contentuploads202007ms-hair-and-beauty.jpg,,,"Ms Hair And Beauty",,,"0475 56 88 41",,https://www.facebook.com/MS-Hair-Beauty-Chimay-Maud-Stevens-447203525417881,,,,,,
commerce,,"<img class=""alignnone size-medium wp-image-3642"" src=""http://chimay-commerce.be/wp-content/uploads/2020/07/multiboispoucet-300x188.jpg"" alt="""" width=""300"" height=""188"" />Description à venir","Zoning Industriel",,BAILEUX,BE,"Zoning Industriel, 6464 BAILEUX",50.035656,baileux,4.379384,6464,Wallonie,Europe/Brussels,multiboispoucet.jpg,,,"Multibois Poucet",,,060/21.26.61,0|100,https://www.facebook.com/MultiboisPoucetSA,,,,,,https://www.multibois.be
loisirs,,"Description à venir","rue frontière 68",,riezes,BE,"rue frontière 68, 6464 riezes",49.956144,riezes,4.366254,6464,Wallonie,Europe/Brussels,,,,"Musée Du Grand Méchant Loup",,,060/399939,,https://www.facebook.com/riezestoys,,,,,,http://www.legrandmechantloup.biz/
coiffure,,"<img class=""alignnone size-medium wp-image-3580"" src=""http://chimay-commerce.be/wp-content/uploads/2020/07/NhairJ-300x218.jpg"" alt="""" width=""300"" height=""218"" />Description à venir","Rue de la Bouchère 21",,CHIMAY,BE,"Rue de la Bouchère 21, 6460 CHIMAY",50.049784,chimay,4.309263,6460,Wallonie,Europe/Brussels,NhairJ-scaled.jpg,,,N'Hair'J,,,"0477/88 85 26",0|100,https://www.facebook.com/Nhairj-602222553278310,,,,,,
commerce,,"<img class=""alignnone size-medium wp-image-3643"" src=""http://chimay-commerce.be/wp-content/uploads/2020/07/nighteandday-300x200.jpg"" alt="""" width=""300"" height=""200"" />Description à venir","Route de Couvin 98",,CHIMAY,BE,"Route de Couvin 98, 6460 CHIMAY",50.045321,chimay,4.328122,6460,Wallonie,Europe/Brussels,nighteandday.jpg,,,"Night And Day",,,,0|100,,,,,,,
commerce,,"Description à venir","Place Léopold",,Chimay,BE,"Place Léopold, 6460 Chimay",50.047302,chimay,4.317328,6460,Wallonie,Europe/Brussels,httpchimaycommerce.wpengine.comwp-contentuploads202007night-shop.jpg,,,"Night Shop",,,,,,,,,,,
restaurant-cafe-snack,,"Description à venir","Route de Boutonville 9",,BAILEUX,BE,"Route de Boutonville 9, 6464 BAILEUX",50.037656,baileux,4.392215,6464,Wallonie,Europe/Brussels,httpchimaycommerce.wpengine.comwp-contentuploads202007no-limit.jpg,,,"No Limit",,,"060/45 69 64",,,,,,,,
agence-de-voyage,,"La nouvelle référence à grande valeur ajoutée pour tous vos projets de voyages privés ou professionnels!

• Conseil et vente voyages à forfaits tour-opérateurs (BE, FR, LU)
• Conseil et organisation voyages à la carte dans le monde entier : billetterie aérienne, transferts, logements divers, locations de voitures, assurances, …
• Organisation et accompagnement de voyages thématiques : circuits culturels, croisières, plongée sous-marine et trekking
• Organisation de voyages en groupes","Rue Van Humbeeck 1",,Chimay,BE,"Rue van Humbeeck 1, 6460 Chimay, Belgique",50.047491,chimay,4.319286,6460,Wallonie,Europe/Brussels,httpchimaycommerce.wpengine.comwp-contentuploads202007odyssea-travel.jpg,,,"Odyssea Travel",,,+3260213964,0|100,https://www.facebook.com/odyssea.travel,,,,,,
optique,,"Description à venir","Rue d'Austravent, 12",,CHIMAY,BE,"Rue d'Austravent, 12, 6460 CHIMAY",50.084453,chimay,4.266021,6460,Wallonie,Europe/Brussels,httpchimaycommerce.wpengine.comwp-contentuploads202007optique-poucet-cuche.jpg,,,"Optique Poucet-Cuche",,,"060/21 28 21",,,,,,,,
banque-et-assurance,,"Description à venir","Rue de bourlers 14/1",,Chimay,BE,"Rue de bourlers 14/1, 6460 Chimay",50.04752,chimay,4.321113,6460,Wallonie,Europe/Brussels,ozedis.jpg,,,Ozedis,,,060/211104,0|100,https://www.facebook.com/ozedis/,,,,,,http://www.ozedis.be/
jardins-et-fleurs,,"Description à venir","Rue Falise 1",,SAINT-REMY,BE,"Rue Falise 1, 6460 SAINT-REMY",50.04553,saint-remy,4.291623,6460,Wallonie,Europe/Brussels,httpchimaycommerce.wpengine.comwp-contentuploads202007pepiniere-brison.jpg,,,"Pepiniere Brison",,,"060/21 28 26",,,,,,,,
textile,,"Description à venir","Rue des trappistes 101a",,Chimay,BE,"Rue des trappistes 101a, 6460 Chimay",50.017577,chimay,4.337614,6460,Wallonie,Europe/Brussels,,,,Perlipopette,,,"0476 03 56 00",,https://www.facebook.com/PerlipopetteBelgique,,,,,,https://www.perlipopette.be
commerce,,"Description à venir","Grand Place 15",,Chimay,BE,"Grand Place 15, 6460 Chimay",50.048577,chimay,4.31417,6460,Wallonie,Europe/Brussels,httpchimaycommerce.wpengine.comwp-contentuploads202007petit-cadeau.jpg,,,"Petit Cadeau",,,060/212239,,https://www.facebook.com/petitcadeau.be,,,,,,http://www.petitcadeau.be/
soins-de-sante,,"Description à venir","Rue  de Virelles 1b",,Chimay,BE,"Rue  de Virelles 1b, 6460 Chimay",50.049454,chimay,4.317637,6460,Wallonie,Europe/Brussels,,,,"Pharmacie Cawet",,,"060/21 10 98",,https://www.facebook.com/PharmacieCawetSwalue,,,,,,
soins-de-sante,,"Description à venir","Place Froissart",,Chimay,BE,"Place Froissart, 6460 Chimay",50.047229,chimay,4.31354,6460,Wallonie,Europe/Brussels,,,,"Pharmacie Francois",,,060/211132,,https://www.facebook.com/pharmacieFrancoischimay,,,,,,
soins-de-sante,,"Description à venir",,,Chimay,BE,", 6460 Chimay",50.084453,chimay,4.266021,6460,Wallonie,Europe/Brussels,,,,"Pharmacie Gaye",,,060/211485,,https://www.facebook.com/pharmaciegaye,,,,,,
soins-de-sante,,"Description à venir","Place Léopold",,Chimay,BE,"Place Léopold, 6460 Chimay",50.047302,chimay,4.317328,6460,Wallonie,Europe/Brussels,,,,"Pharmacie Maertens",,,060/211003,,https://www.facebook.com/Pharmacie-Maertens-621759767837168,,,,,,http://www.pharmaciemaertens.be/
animaux,,"<img class=""alignnone size-medium wp-image-3585"" src=""http://chimay-commerce.be/wp-content/uploads/2020/07/DSC_2723-300x200.jpg"" alt="""" width=""300"" height=""200"" />   Description à venir","Rue de la Gâte 19",,BAILEUX,BE,"Rue de la Gâte 19, 6464 BAILEUX",50.0255,baileux,4.370768,6464,Wallonie,Europe/Brussels,DSC_2723.jpg,,,"Picart Siegried",,,"0476/95 21 83",0|100,https://www.facebook.com/Toilettage-Picart-Siegried-418239784910364,,,,,,
animaux,,"Description à venir","Rue de Bourlers, 21",,CHIMAY,BE,"Rue de Bourlers, 21, 6460 CHIMAY",50.044235,chimay,4.325274,6460,Wallonie,Europe/Brussels,,,,"Plus Tot Chic Toilettage Canin",,,"060/21 30 81",,,,,,,,
auto-moto,,"<img class=""alignnone size-medium wp-image-3613"" src=""http://chimay-commerce.be/wp-content/uploads/2020/07/pointsa-1-300x163.jpg"" alt="""" width=""300"" height=""163"" />Description à venir","Rue Grand Prix des Frontières 5",,CHIMAY,BE,"Rue Grand Prix des Frontières 5, 6460 CHIMAY",50.053102,chimay,4.300368,6460,Wallonie,Europe/Brussels,pointsa-1.jpg,,,"Point S",,,060211332,0|100,https://www.facebook.com/pointschimay5,,,,,,http://www.point-s.be/
textile,,"Description à venir","Rue de Bourlers 1a",,CHIMAY,BE,"Rue de Bourlers 1a, 6460 CHIMAY",50.047945,chimay,4.321365,6460,Wallonie,Europe/Brussels,httpchimaycommerce.wpengine.comwp-contentuploads202007pointcarre.jpg,,,Pointcarre,,,"060/21 51 41",,https://www.facebook.com/PointCarreChimay,,,,,,http://www.pointcarre.eu/fr/magasins?id_magasin=1
artisan-createur,,"Description à venir","Rue des Sarts, 250",,FORGES,BE,"Rue des Sarts, 250, 6464 FORGES",50.027883,forges,4.306447,6464,Wallonie,Europe/Brussels,,,,"Poterie Marie-Jo Cuche",,,"060/21 14 57",,,,,,,,
commerce-alimentaire,,"Description à venir","Rue Lisbonne, 75c",,L'ESCAILLERE,BE,"Rue Lisbonne, 75c, 6464 L'ESCAILLERE",49.952787,lescaillere,4.427187,6464,Wallonie,Europe/Brussels,httpchimaycommerce.wpengine.comwp-contentuploads202007pralines-de-chimay.jpg,,,"Pralines De Chimay",,,"060/37 72 28",,https://www.facebook.com/lespralinesdechimaygillotv,,,,,,http://lespralinesdechimay.be/
telephonie,,"Description à venir","Grand-Place, 14/15",,CHIMAY,BE,"Grand-Place, 14/15, 6460 CHIMAY",50.048905,chimay,4.314638,6460,Wallonie,Europe/Brussels,httpchimaycommerce.wpengine.comwp-contentuploads202007proximus.jpg,,,Proximus,,,"060/21 35 11",,https://www.facebook.com/bcwproximuschimay,,,,,,
banque-et-assurance,,"Description à venir","Rue de Virelles 20d",,Chimay,BE,"Rue de Virelles 20d, 6460 Chimay",50.049785,chimay,4.321447,6460,Wallonie,Europe/Brussels,,,,"Pv Assurances",,,,,,,,,,,
moto-welcomed;restaurant-cafe-snack,,"Description à venir","Chée de Mons, 74",,CHIMAY,BE,"Chée de Mons, 74, 6460 CHIMAY",50.061184,chimay,4.300888,6460,Wallonie,Europe/Brussels,httpchimaycommerce.wpengine.comwp-contentuploads202007restaurant-du-circuit.jpg,,,"Restaurant Du Circuit",,,"060/21 23 84",,https://www.facebook.com/Taverne-Restaurant-Du-Circuit-1877174839221403,,,,,,
banque-et-assurance,,"Description à venir","Rue de Noailles, 2",,CHIMAY,BE,"Rue de Noailles, 2, 6460 CHIMAY",50.049308,chimay,4.317124,6460,Wallonie,Europe/Brussels,,,,"S.P.R.L. Socredas",,,"060/21 32 84",,,,,,,,
commerce-alimentaire,,"Description à venir","Rue des Déportés 11",,CHIMAY,BE,"Rue des Déportés 11, 6460 CHIMAY",50.048249,chimay,4.309424,6460,Wallonie,Europe/Brussels,,,,"S.P.R.L. Wilcothera",,,"060/21 32 99",,,,,,,,
banque-et-assurance,,"Description à venir","Chée de Couvin 104",,CHIMAY,BE,"Chée de Couvin 104, 6460 CHIMAY",50.045103,chimay,4.328695,6460,Wallonie,Europe/Brussels,,,,"Sa Chimay Assurances",,,"060/21 24 15",,www.chimayassurances.be,,,,,,
commerce-alimentaire,,"Description à venir","Rue du Fief 1",,CHIMAY,BE,"Rue du Fief 1, 6460 CHIMAY",50.050158,chimay,4.321322,6460,Wallonie,Europe/Brussels,,,,"Saveurs De Thierache",,,"060/21 19 13",,,,,,,,
traiteur,,"Description à venir","Rue au filet 16",,Chimay,BE,"Rue au filet 16, 6460 Chimay",50.048894,chimay,4.315832,6460,Wallonie,Europe/Brussels,httpchimaycommerce.wpengine.comwp-contentuploads202007saveurs-thai.jpg,,,"Saveurs Thai",,,0477/467671,,https://www.facebook.com/Lessaveursthai/,,,,,,
textile,,"Description à venir","rue de l'athénée 38",,Chimay,BE,"rue de l'athénée 38, 6460 Chimay",50.048145,chimay,4.314803,6460,Wallonie,Europe/Brussels,httpchimaycommerce.wpengine.comwp-contentuploads202007smarly.jpg,,,Smarly,,,060/219549,,https://www.facebook.com/Smarly-581506322043094,,,,,,http://www.pretaporter-smarly.be/
auto-moto,,"<img class=""alignnone size-medium wp-image-3612"" src=""http://chimay-commerce.be/wp-content/uploads/2020/07/ateliersdurlet-1-300x200.jpg"" alt="""" width=""300"" height=""200"" />Description à venir","Chaussée de Trélon",,CHIMAY,BE,"Chée de Trélon, 6460 CHIMAY",50.051197,chimay,4.303094,6460,Wallonie,Europe/Brussels,ateliersdurlet-1.jpg,,,"Sprl Ateliers Durlet",,,"060/21 12 18",0|100,https://www.facebook.com/AteliersDurlet,,,,,,http://www.ateliersdurlet.com/
commerce,,"Description à venir","Rue Pétin, 24",,BAILEUX,BE,"Rue Pétin, 24, 6464 BAILEUX",50.031999,baileux,4.376751,6464,Wallonie,Europe/Brussels,,,,"Sprl Canivet Michel",,,"060/21 20 95",,,,,,,,
banque-et-assurance,,"Description à venir","Place du Prince 2",,CHIMAY,BE,"Place du Prince 2, 6460 CHIMAY",50.049006,chimay,4.319955,6460,Wallonie,Europe/Brussels,,,,"Sprl Michaux",,,"060/21 13 45",,,,,,,,
carburants,,"Description à venir","Chée de Mons, 17",,CHIMAY,BE,"Chée de Mons, 17, 6460 CHIMAY",50.051241,chimay,4.309154,6460,Wallonie,Europe/Brussels,,,,"Station Match",,,"060/21 34 76",,,,,,,,
carburants,,"Description à venir","Chaussée de Couvin 98, 6460 Chimay",,Chimay,BE,"Chaussée de Couvin 98, 6460 Chimay, Belgique",50.045194,chimay,4.328064,,Wallonie,Europe/Brussels,,,,"Station Shell",,,,0|100,,,,,,,
carburants,,"Description à venir"," ",,CHIMAY,BE,", 6460 CHIMAY",50.084453,chimay,4.266021,6460,Wallonie,Europe/Brussels,,,,"Station Total",,,"060/21 30 16",,,,,,,,
informatique,,"Description à venir","Rue Sainte Geneviève 10c",,Chimay,BE,"Rue Sainte-Geneviève 10C, 6460 Chimay, Belgique",50.047061,saint-remy,4.301007,6460,Wallonie,Europe/Brussels,httpchimaycommerce.wpengine.comwp-contentuploads202007stevensoft-sprl.jpg,,,"Stevensoft Sprl",,,"060/21 54 00",0|100,,,,,,,
restaurant-cafe-snack,,"Description à venir","GRand rue 14",,Chimay,BE,"GRand rue 14, 6460 Chimay",50.04877,chimay,4.314314,6460,Wallonie,Europe/Brussels,,,,Sushimay,,,0477/062040,,https://www.facebook.com/sushimay13/,,,,,,https://info@sushichimay.be
moto-welcomed;restaurant-cafe-snack,,"Description à venir","Rue des Ormeaux, 30",,CHIMAY,BE,"Rue des Ormeaux, 30, 6460 CHIMAY",50.047374,chimay,4.316468,6460,Wallonie,Europe/Brussels,httpchimaycommerce.wpengine.comwp-contentuploads202007taverne-le-galion.jpg,,,"Taverne Le Galion",,,"060/21 35 96",,https://www.facebook.com/Taverne-Le-Galion-1694418097524873,,,,,,
auto-moto,,"Description à venir","Rue Emile Dony 15c",,BOURLERS,BE,"Rue Emile Dony 15c, 6464 BOURLERS",50.02724,bourlers,4.339348,6464,Wallonie,Europe/Brussels,,,,"Tb Racing",,,"060/51 43 08",,,,,,,,
commerce,,"Description à venir","Grand-Rue, 15/17",,CHIMAY,BE,"Grand-Rue, 15/17, 6460 CHIMAY",50.048578,chimay,4.314188,6460,Wallonie,Europe/Brussels,httpchimaycommerce.wpengine.comwp-contentuploads202007textiles-coene-pirson.jpg,,,"Textiles Coene-Pirson",,,"060/21 13 95",,https://www.facebook.com/Coene-Marcoux-Impression-177560835654713,,,,,,https://cmimpression.com
textile,,"Description à venir","Rue de Bourlers,1c",,CHIMAY,BE,"Rue de Bourlers,1c, 6460 CHIMAY",50.047945,chimay,4.321365,6460,Wallonie,Europe/Brussels,httpchimaycommerce.wpengine.comwp-contentuploads202007tissus-thonet.jpg,,,"Tissus Thonet",,,"060/21 21 34",,https://www.facebook.com/Magasins-Thonet-764549020342172,,,,,,
commerce,,"Description à venir","Rue Van Humbeeck 13",,CHIMAY,BE,"Rue Van Humbeeck 13, 6460 CHIMAY",50.048033,chimay,4.320436,6460,Wallonie,Europe/Brussels,httpchimaycommerce.wpengine.comwp-contentuploads202007tom-co.jpg,,,"Tom & Co",,,"060/21 12 21",,https://www.facebook.com/kevin.vandesteene,,,,,,http://www.tomandco.be/
commerce,,"<img class=""alignnone size-medium wp-image-3588"" src=""http://chimay-commerce.be/wp-content/uploads/2020/07/tooba-300x200.jpg"" alt="""" width=""300"" height=""200"" />","Rue de Virelles 18",,CHIMAY,BE,"Rue de Virelles 18, 6460 CHIMAY",50.049156,chimay,4.320624,6460,Wallonie,Europe/Brussels,tooba.jpg,,,Tooba,,,"060/21 46 78",0|100,https://www.facebook.com/Tooba-1705096649712383,,,,,,
commerce,,"Description à venir","Chaussée de Mons",,Chimay,BE,"Chaussée de Mons, 6460 Chimay",50.085017,chimay,4.293276,6460,Wallonie,Europe/Brussels,,,,Traffic,,,,,,,,,,,
commerce-alimentaire;traiteur,,"Description à venir","Rue du lac 41a",,Virelles,BE,"Rue du lac 41a, 6461 Virelles",50.068053,virelles,4.343553,6461,Wallonie,Europe/Brussels,httpchimaycommerce.wpengine.comwp-contentuploads202007traiteur-bouyard.jpg,,,"Traiteur Bouyard",,,"0477/60 16 37",0|100,https://www.facebook.com/BouyardCie,,,,,,https://www.bouyard.be
traiteur,,"Description à venir","Rue de la poterie 49/a",,Chimay,BE,"Rue de la poterie 49/a, 6460 Chimay",50.027345,chimay,4.335023,6460,Wallonie,Europe/Brussels,,,,"Traiteur Jg Demeyer",,,0477/509105,,,,,,,,
animaux,,"Description à venir","Chaussée de Couvin 86",,CHIMAY,BE,"Chaussée de Couvin 86, 6460 CHIMAY",50.04573,chimay,4.326187,6460,Wallonie,Europe/Brussels,httpchimaycommerce.wpengine.comwp-contentuploads202007tresor-deau-et-de-terre.jpg,,,"Tresor D'Eau Et De Terre",,,"Tél. 0497/13.15.32",,https://www.facebook.com/Tr%C3%A9sors-deau-et-de-terre-238378543783108,,,,,,
commerce,,"Description à venir","chaussée de Mons 14",,CHIMAY,BE,"chaussée de Mons 14, 6460 CHIMAY",50.051203,chimay,4.309593,6460,Wallonie,Europe/Brussels,httpchimaycommerce.wpengine.comwp-contentuploads202007vaisiere-meubles.jpg,,,"Vaisiere Meubles",,,"060/21 17 49",,https://www.facebook.com/meublesvaisiere,,,,,,http://www.vaisiere.be/
hebergement,,"Description à venir","Rue de Forges 10",,CHIMAY,BE,"Rue de Forges 10, 6460 CHIMAY",50.045273,chimay,4.316917,6460,Wallonie,Europe/Brussels,,,,"Villa Adelaide",,,"060/51 41 21",,,,,,,,
commerce;construction-renovation,,"Description à venir","Rue du Lavoir, 19",,BOURLERS,BE,"Rue du Lavoir, 19, 6464 BOURLERS",50.024792,bourlers,4.338929,6464,Wallonie,Europe/Brussels,httpchimaycommerce.wpengine.comwp-contentuploads202007walmat.jpg,,,Walmat,,,"060/21 13 58",0|100,https://www.facebook.com/WallonieMateriaux,,,,,,
commerce,,"Description à venir","Chaussée de Couvin 25/1",,Chimay,BE,"Chaussée de Couvin 25/1, 6460 Chimay",50.047148,chimay,4.320959,6460,Wallonie,Europe/Brussels,wibra-1.jpg,,,Wibra,,,,0|100,,,,,,,
restaurant-cafe-snack,,"Description à venir","rue des déportés 11",,Chimay,BE,"rue des déportés 11, 6460 Chimay",50.048249,chimay,4.309424,6460,Wallonie,Europe/Brussels,httpchimaycommerce.wpengine.comwp-contentuploads202007wil-frites.jpg,,,"Wil Frites",,,060/213299,,https://www.facebook.com/WilFritesChimay,,,,,,
depart-de-balade;fantomes;loisirs;puzzle,,,"grand place 1",,Chimay,BE,"Grand'Rue 1, 6460 Chimay, Belgique",50.048798,chimay,4.314749,6460,Wallonie,Europe/Brussels,56232444_2294283700852374_7759581598227365888_n.jpg,,acces-pmr,"Le Secret de Chimay",,11:00|16:30|1|;11:00|16:30|2|;11:00|16:30|3|;11:00|16:30|4|;11:00|16:30|5|;11:00|16:30|6|;11:00|16:30|7|,"060 21 54 04",0|100,https://www.facebook.com/SecretdeChimay/,,,,,,
commerce,,"<img class=""alignnone size-medium wp-image-3584"" src=""http://chimay-commerce.be/wp-content/uploads/2020/07/DSC_2425-300x200.jpg"" alt="""" width=""300"" height=""200"" />","Rue des Sarts 237",,,,,0,forges,0,6464,,,DSC_2425.jpg,,,"Ets Parent",,,,0|100,,,,,,,
coiffure,,"<img class=""alignnone size-medium wp-image-3581"" src=""http://chimay-commerce.be/wp-content/uploads/2020/07/gregcoiffure-300x193.jpg"" alt="""" width=""300"" height=""193"" />","rue de Bourlers 66c",,Chimay,BE,"Rue de Bourlers 66c, 6460 Chimay, Belgique",50.042802,chimay,4.326572,6460,Wallonie,Europe/Brussels,gregcoiffure-scaled.jpg,,,"RG coiffure",,,"060 21 55 95",0|100,,,,,,,
construction-renovation,,"Vente et conseils aux particuliers et installateurs : chauffage, sanitaire, fixations, traitement de l'eau","Place Froissart 9",,Chimay,BE,"Place Froissart 24, 6460 Chimay, Belgique",50.047036,chimay,4.313293,6460,Wallonie,Europe/Brussels,105562018_151848513112552_3849542445301407036_n.jpg,,,"Sanitherm Chimay",,,"048910 04 02",0|100,https://www.facebook.com/SaniTherm-Chimay-105500604414010/?__tn__=%2Cd%2CP-R&eid=ARAAI3GOtWhp7GCb3rel1RkYbh04qRRy_rEeLrPJu01Z8uW5LO9obHDHk2yoI1nm_3xYoATSpueE12i7,,,,,,
services,,"Services dédiés aux professionnels de la santé : secrétariat, nettoyage des cabinets médicaux, matériels d'équipements pour le cabinet","Rue Lapeau 13",,Chimay,BE,"Rue Lapeau, 6461 Chimay, Belgique",50.066129,virelles,4.321019,6461,Wallonie,Europe/Brussels,secrétariat-médical-1024x576-1.jpg,,,"Virginie  Vandecasteele",,,"0479 51 53 98",0|100,,,,,,,https://www.smical.com
construction-renovation,,"Menuiserie générale du bâtiment. Spécialisée dans les escaliers et portes intérieures.","Rue de l'étang 89f",,Chimay,BE,"Rue de l'Etang 88, 6460 Chimay, Belgique",50.05544,salles,4.24463,6460,Wallonie,Europe/Brussels,12654425_188610258165645_2089886674852641542_n.png,,,"Menuiserie Vaccin",,,"0494/ 67 34 66",0|100,https://www.facebook.com/menuiserievaccin/,,,,,,
commerce-alimentaire,,,"Rue Colas Jean  72/1",,Chimay,BE,"Rue Colas Jean 72, 6464 Chimay, Belgique",49.948633,lescaillere,4.43565,6460,Wallonie,Europe/Brussels,74705072_677584982651128_1833902025520185344_n.png,,,"La Brasserie Escaillonne",,,"060/240 473   ou 0479/979 771",0|100,https://www.facebook.com/brasserieescaillonne/,,,,,,https://www.brasserieescaillonne.be
services,,,"Chaussée de Couvin 50b",,Chimay,BE,"N99 52, 6460 Chimay, Belgique",50.046645,baileux,4.322551,6460,Wallonie,Europe/Brussels,75540054_108600163932696_2457014789902172160_n.jpg,,,"Ostéopathe D.O. Charles Vanden Noortgate",,,"0484/ 21 64 39",0|100,,,,,,,
patrimoine;point-de-vue,,"Patrimoine Exceptionnel classé par la Région Wallone.","franc bois",,Lompret,BE,"Courtil au Martias 23, 6463 Lompret, Belgique",50.063816,lompret,4.379527,6463,Wallonie,Europe/Brussels,francbois.jpg,,,"Le site du Franc Bois",,,,0|100,,,,,,,
camping;zone-motorhome,,"L’aire d’accueil et services Motorhomes de Chimay possède une situation géographique confortable pour ses utilisateurs. Située à proximité du centre historique de Chimay, elle dispose de tout le confort nécessaire à une halte. Ce lieu spécialement dédié aux camping-cars s’inscrit aux abords d’un camping qui offre également divers services. De plus, l’aire se situe en bordure de Ravel ou encore à 5 minutes du Circuit de Chimay, de quoi profiter paisiblement de la découverte de la région.","Allée du Prince",,Chimay,BE,"Camping communal de Chimay, Allée du Prince, 6460 Chimay, Belgique",50.045781,chimay,4.309699,6460,Wallonie,Europe/Brussels,campingchimay.jpeg,,,"Camping de Chimay",,,"060 51 12 57",0|100,,,,,,,https://www.ville-de-chimay.be/loisirs/tourisme/le-site-du-camping-communal
loisirs,,"« Laissez-vous conter l’histoire de Chimay à bord du petit train touristique. Une manière agréable et reposante de découvrir les multiples visages de Chimay.
Etant donné l’affluence actuelle, il est conseillé de réserver au 060/21 18 46 ou par mail info@si-chimay.be","Rue de Noailles 6",,Chimay,BE,"Rue de Noailles 6, 6460 Chimay, Belgique",50.049444,chimay,4.317226,6460,Wallonie,Europe/Brussels,train.jpeg,,,"Le petit train touristique",,,060211846,0|100,,,,,,,https://visitchimay.be
information-touristique;souvenirs;toilettes-publiques;velo-bienvenue,,,"Rue de Noailles 6",,Chimay,BE,"Rue de Noailles 6, 6460 Chimay, Belgique",50.049444,chimay,4.317226,6460,Wallonie,Europe/Brussels,tourisme.jpeg,,acces-pmr,"Info Tourisme",,,060211846,0|100,,,,,,,https://visitchimay.be
animation-musicale,,"Concerts, jeux pour enfants, crieur public, activités artistiques ou encore évènements festifs, cela fait désormais 6 ans que les Estivales parviennent à vous plonger dans un air de vacances !","grand place",,Chimay,BE,"Grand'Place 1415, 6460 Chimay, Belgique",50.048968,chimay,4.315053,6460,Wallonie,Europe/Brussels,estivales.jpg,,acces-pmr,Estivales,,,060215404,0|100,,,,,,,https://visitchimay.be
animation-musicale;lieux-de-culte;patrimoine,,"Le clocher bulbeux surmontant la tour érigée de 1732 à 1742 abrite un carillon unique en son genre. Véritable piano à cloches avec un petit clavier, il a la particularité de ne pas avoir de mi bémol. Il totalise 26 cloches dont la plus ancienne date du XVIIème siècle.","Rue de la collégiale",,Chimay,BE,"Rue Fromenteau 1, 6460 Chimay, Belgique",50.049333,chimay,4.315518,6460,Wallonie,Europe/Brussels,collegiale.jpeg,,,"Carillon de la Collégiale",,,060212754,0|100,,,,,,,
banques,,,"grand place 29",,,,,0,chimay,0,6460,,,belfius.jpg,,,Belfius,,,060/210230,0|100,,,,,,,https://www.belfius.be
banque-et-assurance;banques,,,"Place Froissart 2",,,,,0,chimay,0,6460,,,fortis.jpeg,,,"BNP Paribas Fortis",,,060/210350,0|100,,,,,,,https://www.bnpparibasfortis
banque-et-assurance;banques,,,"Chaussée de Couvin 1",,Chimay,BE,"Chaussée de Couvin 1, 6460 Chimay, Belgique",50.047389,chimay,4.319534,6460,Wallonie,Europe/Brussels,beobank.jpg,,,Beobank,,,060/213061,0|100,,,,,,,
banques,,,"Rue de Virelles 3",,Chimay,BE,"Rue de Virelles 3, 6460 Chimay, Belgique",50.049422,,4.317684,6460,Wallonie,Europe/Brussels,cbc.png,,,"CBC Banque",,,060/414150,0|100,,,,,,,
art-artisanat;artisan-createur,,,"Rue de Virelles 45",,Chimay,BE,"Rue de Virelles 45, 6460 Chimay, Belgique",50.049782,chimay,4.321041,6460,Wallonie,Europe/Brussels,laurent.jpg,,,"Atelier Laurent Nemeghaire",,,0498698082,0|100,,,,,,,
patrimoine-naturel;point-de-vue;portes-historiques;vestiges-medievaux;pic-nic,,,"Rue saint nicolas",,Chimay,BE,"Rue Saint-Nicolas 53, 6460 Chimay, Belgique",50.048352,chimay,4.311518,6460,Wallonie,Europe/Brussels,pont-scaled.jpg,,,"Pont d'en bas",,,,0|100,,,,,,,
moto-bienvenue;parkings;patrimoine-naturel;velo-bienvenue;pic-nic,,,"plaine des ormeaux",,Chimay,BE,"Rue des Ormeaux 27, 6460 Chimay, Belgique",50.047948,chimay,4.317417,6460,Wallonie,Europe/Brussels,ormeaux.jpg,,,"Plaine des Ormeaux",,,,0|100,,,,,,,
patrimoine-historique;portes-historiques;vestiges-medievaux,,,"Rue de Noailles 4",,Chimay,BE,"Rue de Noailles 5, 6460 Chimay, Belgique",50.047906,chimay,4.318303,6460,Wallonie,Europe/Brussels,vieille-tour-CP.jpg,,,"Vieille Tour",,,,0|100,,,,,,,
patrimoine-historique,,,"rue rogier 5",,Chimay,BE,"Rue Rogier 10, 6460 Chimay, Belgique",50.04939,chimay,4.31668,6460,Wallonie,Europe/Brussels,Hotel-des-Postes.jpg,,,"Hôtel des Postes",,,,0|100,,,,,,,
attraction;contes-et-legendes;lieux-de-culte;tournages;patrimoine-historique,,,"Rue de la collégiale",,Chimay,BE,"Rue Fromenteau 1, 6460 Chimay, Belgique",50.049333,chimay,4.315518,6460,Wallonie,Europe/Brussels,collegiale-2-scaled.jpg,,,"Collégiale Saint-Pierre et Paul",,,,0|100,,,,,,,
contes-et-legendes;parkings;patrimoine-historique;shooting-place;velo-bienvenue,,,"Place du Chapitre",,Chimay,BE,"Rue Fromenteau 28, 6460 Chimay, Belgique",50.049555,chimay,4.316286,6460,Wallonie,Europe/Brussels,chapitre-1.jpg,,,"Place du Chapitre",,,,0|100,,,,,,,
contes-et-legendes;patrimoine-historique;vestiges-medievaux,,,"Rue basse ville",,Chimay,BE,"Place Mont-Joly 12, 6460 Chimay, Belgique",50.050251,chimay,4.315761,6460,Wallonie,Europe/Brussels,St-Prisce-scaled.jpg,,,"Fontaine Sainte-Prisce",,,,0|100,,,,,,,
contes-et-legendes;patrimoine-historique;point-de-vue;portes-historiques;vestiges-medievaux,,,"Rue basse ville",,Chimay,BE,"Place Mont-Joly 12, 6460 Chimay, Belgique",50.050426,chimay,4.315858,6460,Wallonie,Europe/Brussels,Vieux-lavoir.jpg,,,"Vieux lavoir",,,,0|100,,,,,,,
tournages;patrimoine-historique;point-de-vue;vestiges-medievaux,,,"rue basse ville",,Chimay,BE,"Rue Basse-Ville La Ramp 10, 6460 Chimay, Belgique",50.049725,chimay,4.314515,6460,Wallonie,Europe/Brussels,jardins-suspendus.jpg,,,"Jardins suspendus",,,,0|100,,,,,,,
tournages;patrimoine-historique;point-de-vue;vestiges-medievaux,,,"rue du four",,Chimay,BE,"Rue du Four 8, 6460 Chimay, Belgique",50.049202,chimay,4.314268,6460,Wallonie,Europe/Brussels,rue-du-four-scaled.jpg,,,"Rue du Four",,,,0|100,,,,,,,
devises-et-inscriptions;patrimoine-historique;point-de-vue;portes-historiques;shooting-place;vestiges-medievaux,,,"rue du château",,Chimay,BE,"Rue du Château 11, 6460 Chimay, Belgique",50.049027,chimay,4.314689,6460,"Waals Gewest",Europe/Brussels,13-porte-triomphale.jpg,,,"Porte Triomphale",,,,0|100,,,,,,,
contes-et-legendes;devises-et-inscriptions;meeting-space;monuments-et-statues;patrimoine-historique;shooting-place;velo-bienvenue,,,"grand place",,Chimay,BE,"Grand'Place 1912, 6460 Chimay, Belgique",50.049076,chimay,4.315089,6460,Wallonie,Europe/Brussels,14.-fontaine-3.jpg,,,"Fontaine des Princes",,,,0|100,,,,,,,
animation-musicale;attraction;contes-et-legendes;fantomes;tournages;monuments-et-statues;moto-bienvenue;parkings;patrimoine-historique;point-de-vue;shooting-place;toilettes-publiques;velo-bienvenue,,,"grand place",,Chimay,BE,"Grand'Place 34, 6460 Chimay, Belgique",50.04913,chimay,4.315317,6460,Wallonie,Europe/Brussels,fontaine-princes.jpg,,acces-pmr,"Grand Place",,,,0|100,,,,,,,
attraction;contes-et-legendes;devises-et-inscriptions;fantomes;tournages;patrimoine-historique;puzzle;toilettes-publiques,,,"grand place 1",,Chimay,BE,"Grand'Rue 1, 6460 Chimay, Belgique",50.048798,chimay,4.314749,6460,Wallonie,Europe/Brussels,hotel-de-ville.jpg,,acces-pmr,"Hôtel de Ville",,,,0|100,,,,,,,
centres-medicaux,,,"bld louise 18",,Chimay,BE,"Boulevard Louise 18, 6460 Chimay, Belgique",50.044836,chimay,4.310034,6460,Wallonie,Europe/Brussels,,,acces-pmr,"Hôpital de Chimay (CSF)",,,060218811,,,,,,,,
centres-medicaux,,"Poste de Garde - Polyclinique du Centre de Santé des Fagnes (Hôpital - CSF)","chausé de couvin 41",,Chimay,BE,"Chaussée de Couvin 41, 6460 Chimay, Belgique",50.046848,chimay,4.323424,6460,Wallonie,Europe/Brussels,polyclinique_du_CSF3.jpg,,acces-pmr,"Poste de Garde",,,060211534,0|100,,,,,,,
art-artisanat;culture;meeting-space;parkings;wifi,,,"rue de la socque 12",,Chimay,BE,"Rue de la Soque 10, 6460 Chimay, Belgique",50.047314,chimay,4.315277,6460,Wallonie,Europe/Brussels,,,acces-pmr,"Maison de la Socque",,,,,,,,,,,
depart-de-balade;hiking;patrimoine-naturel,,,"Place Léopold",,Chimay,BE,"N99 16, 6460 Chimay, Belgique",50.047302,chimay,4.317328,6460,Wallonie,Europe/Brussels,,,,"Promenade du Moulin du Blanc",,,,,,,,,,,
depart-de-balade;hiking;patrimoine-naturel,,,"Place Léopold",,Chimay,BE,"N99 16, 6460 Chimay, Belgique",50.047302,chimay,4.317328,6460,Wallonie,Europe/Brussels,bois.jpg,,,"Promenade des Crayas",,,,0|100,,,,,,,
lieux-de-culte;patrimoine-historique,,,"Rue du Four 3",,Chimay,BE,"Rue du Four 3, 6460 Chimay, Belgique",50.049094,chimay,4.314036,6460,Wallonie,Europe/Brussels,,,,"Eglise Protestante",,,060211710,,,,,,,,
lieux-de-culte;patrimoine-historique,,,"bld louise",,Chimay,BE,"Boulevard Louise 17, 6460 Chimay, Belgique",50.044943,chimay,4.314861,6460,Wallonie,Europe/Brussels,misericorde.jpg,,,"Chapelle ND de la Miséricorde",,,,0|100,,,,,,,
lieux-de-culte;patrimoine-historique,,,"Rue des Sartiaux 1",,Chimay,BE,"Rue des Sartiaux 1, 6460 Chimay, Belgique",50.046503,chimay,4.317866,6460,Wallonie,Europe/Brussels,st-ghislain.jpg,,,"Chapelle Saint-Ghislain",,,,0|100,,,,,,,
tournages;patrimoine-historique,,,"rue d'angleterre",,Chimay,BE,"Rue d'Angleterre 28, 6460 Chimay, Belgique",50.048536,chimay,4.314805,6460,Wallonie,Europe/Brussels,max.jpg;rue-dangleterre-maison-Louise-scaled.jpg,,,"Rue d'Angleterre",,,,0|100,,,,,,,
tournages;patrimoine-historique,,,"Rue du Tribunal",,Chimay,BE,"Rue Fromenteau 4, 6460 Chimay, Belgique",50.049238,chimay,4.314637,6460,Wallonie,Europe/Brussels,,,,"Rue du Tribunal",,,,,,,,,,,
animation-musicale;tournages;patrimoine-historique,,,"rue du château",,Chimay,BE,"Rue Saint-Nicolas 38, 6460 Chimay, Belgique",50.048609,chimay,4.312582,6460,Wallonie,Europe/Brussels,theatre.jpg,,,"Théâtre du Château",,,,0|100,,,,,,,
divers;wifi,,,"Rue d'Angleterre 10",,Chimay,BE,"Rue d'Angleterre 28, 6460 Chimay, Belgique",50.048536,chimay,4.314805,6460,Wallonie,Europe/Brussels,laferme-interieur.jpg,,,"La Ferme Coworking",,,,0|100,,,,,,,https://la-ferme.be
moto-bienvenue;parkings;velo-bienvenue,,,"Place  Léopold",,Chimay,BE,"N99 16, 6460 Chimay, Belgique",50.047302,chimay,4.317328,6460,Wallonie,Europe/Brussels,place-leopold.jpg,,,"Place Léopold",,,,0|100,,,,,,,
moto-bienvenue;parkings;transports,,,gare,,Chimay,BE,"Rue de Virelles 18, 6460 Chimay, Belgique",50.049075,chimay,4.32103,6460,Wallonie,Europe/Brussels,gare.jpg,,,"Parking de la Gare",,,,0|100,,,,,,,
moto-bienvenue;parkings,,,"Place froissart",,Chimay,BE,"Place Froissart 17, 6460 Chimay, Belgique",50.046989,chimay,4.314134,6460,Wallonie,Europe/Brussels,froissart-scaled.jpg,,,"Parking Froissart/Patria",,,,0|100,,,,,,,
depart-de-balade;patrimoine-naturel;point-de-vue;sport;transports;velo-bienvenue;pic-nic,,,"Ancienne Gare de Chimay",,Chimay,BE,"CHIMAY Gare, 6460 Chimay, Belgique",50.048141,chimay,4.319592,6460,Wallonie,Europe/Brussels,ravel-109.jpg,,,"RAVel 109/2 vers Thuin",,,,0|100,,,,,,,
depart-de-balade;patrimoine-naturel;point-de-vue;sport;transports;velo-bienvenue;pic-nic,,,"Gare de Chimay",,Chimay,BE,"CHIMAY Gare Quai 01, 6460 Chimay, Belgique",50.048481,chimay,4.319796,6460,Wallonie,Europe/Brussels,ravel-scaled.jpg,,,"RAVeL 156 vers Momignies",,,,0|100,,,,,,,
loisirs;sport,,,"Rue de Virelles 20",,Chimay,BE,"Rue de Virelles 20f, 6460 Chimay, Belgique",50.048903,chimay,4.322711,6460,Wallonie,Europe/Brussels,piscine.jpg,,,"Piscine communale",,,,0|100,,,,,,,
loisirs;sport,,,"Avenue du Chalon 1b",,Chimay,BE,"Avenue du Châlon 1/B, 6460 Chimay, Belgique",50.048212,chimay,4.322965,6460,Wallonie,Europe/Brussels,centre-sportif-OK.jpg,,,"Centre Sportif de Chimay",,,,0|100,,,,,,,
loisirs;sport,,,"Avenue du Chalon 1",,Chimay,BE,"Rue de Virelles 34, 6460 Chimay, Belgique",50.050485,chimay,4.327329,6460,Wallonie,Europe/Brussels,viking.png,,,"Viking Tennis Paddle Club",,,,0|100,,,,,,,
transports,,,"Place des Princes",,Chimay,BE,"CHIMAY Gare Quai 03, 6460 Chimay, Belgique",50.048492,chimay,4.319744,6460,Wallonie,Europe/Brussels,panneaux-bus-1.jpg,,,"Gare des Bus (TEC)",,,,0|100,,,,,,,
patrimoine-historique;portes-historiques,,,"rue d'austravant",,Chimay,BE,"Rue d'Austravant 32, 6460 Chimay, Belgique",50.047758,chimay,4.314603,6460,"Waals Gewest",Europe/Brussels,porte-austravant-scaled.jpg,,,"Porte d'Austravant",,,,0|100,,,,,,,
monuments-et-statues;patrimoine-historique,,,"Place froissart",,Chimay,BE,"Place Froissart 22, 6460 Chimay, Belgique",50.047229,chimay,4.31354,6460,Wallonie,Europe/Brussels,froissart-scaled.jpg,,,"Statue Froissart",,,,0|100,,,,,,,
