directory_category,post_content,location_address__street,location_address__city,location_address__address,location_address__lat,location_address__term_id,location_address__lng,location_address__zip,post_title,field_phone,field_social_accounts__facebook,field_website
Commerce et Service,Description à venir,Rue des Ormeaux,chimay,"Rue des Ormeaux, 6460 CHIMAY",50.047676,chimay,4.316089,6460.0,A Fleur De Peau,060/21 27 07,https://www.facebook.com/afleurdepeau.chimay/,A venir
Sports et Loisirs,Description à venir,"Rue de Virelles, 32",chimay,"Rue de Virelles, 32, 6460 CHIMAY",50.050329,chimay,4.326322,6460.0,A L'Air Libre,060/21 90 47,https://www.facebook.com/alairlibre,A venir
Commerce et Service,Description à venir,Chaussée de Couvin 95C 5,chimay,"Chaussée de Couvin 95C 5, 6460 CHIMAY",50.044725,chimay,4.331689,6460.0,Action,0,A venir,A venir
Commerce et Service,Description à venir,"Rue de Bourlers, 1a",chimay,"Rue de Bourlers, 1a, 6460 CHIMAY",50.047945,chimay,4.321365,6460.0,Ad Delhaize,060/21 23 90,A venir,A venir
Autre,Description à venir,Rue des Sartiaux 1,chimay,"Rue des Sartiaux 1, 6460 CHIMAY",50.047271,chimay,4.319074,6460.0,Adn Concept,060/41 12 81,A venir,A venir
Autre,Description à venir,"Chée de Couvin, 95",chimay,"Chée de Couvin, 95, 6460 CHIMAY",50.044725,chimay,4.331689,6460.0,Afflelou,060/21 93 40,https://www.facebook.com/alainafflelouchimay,A venir
Commerce et Service,Description à venir,Place des Princes 3,chimay,"Place des Princes 3, 6460 CHIMAY",50.048713,chimay,4.320224,6460.0,Agence Atipi,060/31 18 89,A venir,A venir
Commerce et Service,Description à venir,Ch. de Couvin,chimay,"Ch. de Couvin, 6460 CHIMAY",50.044804,chimay,4.330861,6460.0,Aldi,0,A venir,A venir
Commerce et Service,Description à venir,"Grand Place,31",chimay,"Grand Place,31, 6460 CHIMAY",50.049069,chimay,4.315669,6460.0,Anastasia,060/21 20 82,https://www.facebook.com/anastasiabijouterie/,http://bijouterie-anastasia.be/
Commerce et Service,Description à venir,"Place Chapitre, 5b",chimay,"Place Chapître, 5b, 6460 CHIMAY",50.049597,chimay,4.316536,6460.0,Appolin'Hair,060/21 21 40,https://www.facebook.com/apollinhair/,A venir
Sports et Loisirs,Description à venir,rue du lac 42,virelles,"rue du lac 42 , 6461 Virelles",50.067025,virelles,4.33907,6461.0,Aquascope Virelles,060/211363,https://www.facebook.com/Aquascope-Virelles-1308494265927976,https://www.aquascope.be
textile,Description à venir,Grand place 22,chimay,"Grand place 22, 6460 Chimay",50.049308,chimay,4.316318,6460.0,Atelier Ac,0485 07 12 50,https://www.facebook.com/AtelierAC,https://atelierac.be/
Autre,Description à venir,Avenue des Tilleuls,chimay,"Avenue des Tilleuls, 6460 CHIMAY",50.045709,chimay,4.306572,6460.0,Ateliers Coene-Marcoux,060/21 29 85,A venir,A venir
Commerce et Service,Description à venir,Rue Gare de Seloignes 178,villers-la-tour,"Rue Gare de Seloignes 178, 6460 VILLERS-LA-TOUR",50.014391,villers-la-tour,4.28894,6460.0,Au Coin Du Bois,060/51 25 08,A venir,A venir
Resto et Snack,Description à venir,Place du Prince,chimay,"Place du Prince, 6460 CHIMAY",50.048492,chimay,4.319744,6460.0,Au Paradis Des Saveurs,060/411360,https://www.facebook.com/Justinewackersboulangeriechimay,http://www.leparadisdessaveurs.be/
Commerce et Service,Description à venir,"Grand Place, 33",chimay,"Grand Place, 33, 6460 CHIMAY",50.048967,chimay,4.315641,6460.0,Au Parfum Des Sens,060/21 26 66,https://www.facebook.com/Au-parfum-des-sens-1505843646381355,http://www.parfumdessens.be/
Commerce et Service,Description à venir,Rue du Rond Point 291,forges,"Rue du Rond Point 291, 6464 forges",49.99371,forges,4.314161,6464.0,Au Petit Coin Des Saveurs,0472/233408,https://www.facebook.com/merciermari,A venir
Commerce et Service,Description à venir,"Chéé de Mons, 16",chimay,"Chéé de Mons, 16, 6460 CHIMAY",50.051611,chimay,4.309381,6460.0,Au Petit Marché,060/21 26 75,https://www.facebook.com/petitmarche1978/,A venir
Commerce et Service,Description à venir,"Poteaupré, 5",bourlers,"Poteaupré, 5, 6464 BOURLERS",49.988679,bourlers,4.342108,6464.0,Auberge De Poteaupre,060/21 14 33,A venir,A venir
Resto et Snack,Description à venir,"Poteaupré, 5",bourlers,"Poteaupré, 5, 6464 BOURLERS",49.988679,bourlers,4.342108,6464.0,Auberge De Poteaupre,060/21 14 33,https://www.facebook.com/poteaupre6464,A venir
Commerce et Service,Description à venir,Rue Neuf Maisons 8,vaulx,"Rue Neuf Maisons 8, 6462 VAULX",50.05225,vaulx,4.36322,6462.0,Aux Peupliers,0477/71 21 57,A venir,A venir
Sports et Loisirs,Description à venir,Zoning Industriel 4,baileux,"Zoning Industriel 4, 6464 BAILEUX",50.036027,baileux,4.37948,6464.0,Aveve,060 21 27 97,https://www.facebook.com/avevebaileux/,A venir
Banque et Finance,Description à venir,Rue de Bourlers 68,chimay,"Rue de Bourlers 68, 6460 CHIMAY",50.042419,chimay,4.327304,6460.0,Axa Banque,060/21 51 25,A venir,A venir
Commerce et Service,Description à venir,"Grande-Rue, 16",chimay,"Grande-Rue, 16, 6460 CHIMAY",50.048746,chimay,4.314245,6460.0,Bambino,060/21 37 20,A venir,A venir
Banque et Finance,Description à venir,"Grand-Place, 29",chimay,"Grand-Place, 29, 6460 CHIMAY",50.049059,chimay,4.315774,6460.0,Belfius,060/21 02 30,A venir,A venir
Sports et Loisirs,Description à venir,Rue de Bourlers,chimay,"Rue de Bourlers, 6460 Chimay",50.044922,chimay,4.324244,6460.0,Bella  Sante,060/212134,https://www.facebook.com/Bellasantechimay2011,https://www.bella-sante.be
Banque et Finance,Description à venir,Chaussée de Couvin 1,chimay,"Chaussée de Couvin 1, 6460 Chimay, Belgique",50.047389,chimay,4.319534,6460.0,Beobank,060/21 30 61,A venir,A venir
Commerce et Service,Description à venir,Rue de la Scierie 8,virelles,"Rue de la Scierie 8, 6461 VIRELLES",50.064804,virelles,4.344965,6461.0,Bertrand M-H,060/21 32 21,A venir,A venir
Commerce et Service,Description à venir,"Grand-place,2",chimay,"Grand-place,2, 6460 CHIMAY",50.048922,chimay,4.31468,6460.0,Bijouterie Benoit,060/21 13 35,A venir,A venir
Commerce et Service,"<img class=""alignnone size-full wp-image-3609"" src=""http://chimay-commerce.be/wp-content/uploads/2020/07/bothanet.jpg"" alt="""" width=""8256"" height=""5504"" />Description à venir",Rue du Pavillon 12,chimay,"Rue du Pavillon 12, 6460 CHIMAY",50.048309,chimay,4.318833,6460.0,Bothanet,060/51 29 02,A venir,A venir
Commerce et Service,Description à venir,Rue de Virelles 43,chimay,"Rue de Virelles 43, 6460 CHIMAY",50.049675,chimay,4.320747,6460.0,Boucherie Baire,060/21 36 13,A venir,https://boucheriebaire.be
Commerce et Service,Description à venir,Rue du Lac 18,virelles,"Rue du Lac 18, 6461 VIRELLES",50.066121,virelles,4.336,6461.0,Boucherie Du Lac,060/21 53 25 ,A venir,A venir
Commerce et Service,Description à venir,Rue de Noailles 5,chimay,"Rue de Noailles 5, 6460 CHIMAY",50.047943,chimay,4.318408,6460.0,Boucherie Lange,060/51 46 78,https://www.facebook.com/boucherielange,A venir
Commerce et Service,Description à venir,"Rue Saint-Nicolas, 17",chimay,"Rue Saint-Nicolas, 17, 6460 CHIMAY",50.048339,chimay,4.313448,6460.0,Boucherie Nicolas,0499/818633,https://www.facebook.com/Boucherie-Nicolas-103489001148776,A venir
Commerce et Service,Description à venir,"Rue des Déportés, 19",chimay,"Rue des Déportés, 19, 6460 CHIMAY",50.048419,chimay,4.309176,6460.0,Boulangerie,060/21 92 90,https://www.facebook.com/Boulangerie-Olivier-Brousmiche-311726619463224,A venir
Commerce et Service,Description à venir,"Rue du Lac, 1",virelles,"Rue du Lac, 1, 6461 VIRELLES",50.065198,virelles,4.334258,6461.0,Boulangerie Chauvaux,060/21 32 32,A venir,A venir
Commerce et Service,"Accueil du Château des Princes et visites

Boutique de souvenirs",Rue du Château 14,chimay,"Rue du Château 14, 6460 CHIMAY",50.049007,chimay,4.314408,6460.0,Boutique Du Château De Chimay,060/21.45.31,A venir,A venir
Resto et Snack,Description à venir,Place des Ormeaux 27,chimay,"Place des Ormeaux 27, 6460 CHIMAY",50.047791,chimay,4.316723,6460.0,Brasserie Du Casino,060/21 49 83,https://www.facebook.com/BrasserieDuCasinoChimay,A venir
textile,Description à venir,Rue Fernand Tilquin 18,lompret,"Rue Fernand Tilquin 18, 6463 LOMPRET",50.062087,lompret,4.378601,6463.0,C Vraiment Toi,060/21 44 84,https://www.facebook.com/C-vraiment-toi-1391029524493730,A venir
Resto et Snack,Description à venir,Rue de Chimay 7,virelles,"Rue de Chimay 7, 6461 VIRELLES",50.064806,virelles,4.333829,6461.0,Cafe Des Touristes,060/51 31 43,https://www.facebook.com/cafedestouristes.chimay/,A venir
Commerce et Service,Description à venir,"Allée du Prince, 6460 Chimay",chimay,"Camping communal de Chimay, Allée du Prince, 6460 Chimay, Belgique",50.045781,chimay,4.309699,6460.0,Camping Communal,0,A venir,A venir
Commerce et Service,Description à venir,"Rue de Bailièvre 1, 6460 Robechies",robechies,"Rue de Bailièvre 1, 6460 Robechies, Belgique",50.071247,robechies,4.259203,6460.0,Camping Et Pecherie Mon Reve,0,A venir,A venir
Commerce et Service,Description à venir,"Rue du Rond-Point 283, 6464 Forges",forges,"Rue du Rond-Point 283, 6464 Forges, Belgique",49.993696,forges,4.314266,6464.0,Camping La Camargue,0,A venir,A venir
Resto et Snack,Description à venir,Rue du Lac 42,virelles,"Rue du Lac 42, 6461 VIRELLES",50.067025,virelles,4.33907,6461.0,Cantine De L'Aquascope,060/21 13 27,https://www.facebook.com/Pimprenelle77,A venir
Sante,Description à venir,Rue  de Virelles 1,chimay,"Rue  de Virelles 1, 6460 Chimay",50.049454,chimay,4.317637,6460.0,Cawet Orthopedie,0476/906709,https://www.facebook.com/Cawet-Orthopedie-scs-397788756924274/?ref=page_internal&path=%2FCawet-Orthopedie-scs-397788756924274%2F,A venir
Banque et Finance,Description à venir,"Rue de Virelles, 3",chimay,"Rue de Virelles, 3, 6460 CHIMAY",50.049416,chimay,4.317637,6460.0,Cbc Bank,060/21 24 88,A venir,A venir
Commerce et Service,Description à venir,Rue Bouchère 21 ,chimay,"Rue Bouchère 21 , 6460 CHIMAY",50.049784,chimay,4.309263,6460.0,Century 21,060/21 35 86,A venir,A venir
Autre,Description à venir,Rue du chateau 14,chimay,"Rue du Château 27, 6460 Chimay, Belgique",50.049007,chimay,4.314408,6460.0,Chateau De Chimay,060/214531,https://www.facebook.com/chateaudechimay,https://www.chateaudechimay.be
Commerce et Service,Description à venir,"Ferme Brûlée,100",riezes,"Ferme Brûlée,100, 6464 RIEZES",49.97011,riezes,4.3262,6464.0,Chevret Chimacien,060/21 47 53,A venir,A venir
Commerce et Service,Description à venir,"Place Froissart, 26",chimay,"Place Froissart, 26, 6460 CHIMAY",50.047535,chimay,4.31384,6460.0,Chimay Cordo,060/21 36 38 ou 0475/54 09 76,https://www.facebook.com/serruriechimay,A venir
Sports et Loisirs,Description à venir,Grand Place,chimay,"Grand'Place 1415, 6460 Chimay, Belgique",50.048958,chimay,4.315111,6460.0,Chimay Escape Room,0478463625,https://www.facebook.com/TresordelAbbaye,https://www.chimayescaperoom.be
Autre,Description à venir,"Place Froissart, 18",chimay,"Place Froissart, 18, 6460 CHIMAY",50.047197,chimay,4.313764,6460.0,Chimay Optique,060/21 29 68,A venir,A venir
Sports et Loisirs,Description à venir,"Rue Trieu Godin, 44 ",chimay,"Rue Trieu Godin, 44 , 6460 CHIMAY",50.047412,chimay,4.306035,6460.0,Chimay Pneus Service,060/21 94 00,https://www.facebook.com/Denil-Moteurs-2189259927954607/,A venir
Commerce et Service,Description à venir,"Rue de Virelles,18a",chimay,"Rue de Virelles,18a, 6460 CHIMAY",50.049104,chimay,4.320699,6460.0,Chimay Sports,060/21 33 39,https://www.facebook.com/chimay.sport.3,A venir
Sports et Loisirs,Description à venir,Chée de Mons,chimay,"Chée de Mons, 6460 CHIMAY",50.085017,chimay,4.293276,6460.0,Chim'Oto,060/21 52 09 -,A venir,A venir
Commerce et Service,Description à venir,Rue du Onze Novembre 3 boite 5,chimay,"Rue du Onze Novembre 3 boite 5, 6460 CHIMAY",50.046816,chimay,4.310633,6460.0,Chris Cycles,0498 75 60 27,https://www.facebook.com/chriscycleschimay/,http://www.chriscycles.be/
Resto et Snack,Description à venir,"Rue Rogier, 16",chimay,"Rue Rogier, 16, 6460 CHIMAY",50.049254,chimay,4.316838,6460.0,Comme Chez Vero,060/21 43 77,https://www.facebook.com/Commechezvero,A venir
Sports et Loisirs,Description à venir,"Chée de Couvin, 96",chimay,"Chée de Couvin, 96, 6460 CHIMAY",50.045348,chimay,4.327377,6460.0,Comptoir Automobile S.A.,060/21 13 92,A venir,A venir
textile,Description à venir,Rue de bailievre 69a,robechies,"Rue de bailievre 69a, 6460 Robechies",50.071809,robechies,4.285178,6460.0,Couleur Nature,478738893,https://www.facebook.com/couleursnature4,http://couleursnatureshop.be/
textile,Description à venir,Chaussée de Couvin 2,chimay,"Chaussée de Couvin 2, 6460 CHIMAY",50.047163,chimay,4.319287,6460.0,Coup D'Cœur,0,https://www.facebook.com/pages/category/Women-s-Clothing-Store/Coup-dcoeur-224877325047702/,A venir
Banque et Finance,Description à venir,Place Froissart 16,chimay,"Place Froissart 16, 6460 CHIMAY",50.047304,chimay,4.314105,6460.0,Crelan,060/21 93 01,A venir,A venir
Commerce et Service,Description à venir,"Rue de Charlemagne, 11",baileux,"Rue de Charlemagne, 11, 6464 BAILEUX",50.036029,baileux,4.3817,6464.0,Cuisines Eggo,060/21 46 13,A venir,A venir
Commerce et Service,Description à venir,Rue du 11 novembre 3,chimay,"Rue du Onze Novembre 3, 6460 Chimay, Belgique",50.04691,chimay,4.310842,6460.0,D4Y.Be,060/21 90 24,A venir,A venir
Commerce et Service,Description à venir,Rue maurice gauchez 7,chimay,"Rue maurice gauchez 7, 6460 CHIMAY",50.049034,chimay,4.319646,6460.0,Daniel Coiff'B,060/21 32 66,https://www.facebook.com/CoiffB-221282761411919/?ref=page_internal&path=%2FCoiffB-221282761411919%2F,A venir
Sports et Loisirs,Description à venir,"Chée de Mons,21",chimay,"Chée de Mons,21, 6460 CHIMAY",50.051482,chimay,4.308817,6460.0,Denil Moteurs,060/21 21 14,A venir,A venir
Commerce et Service,Description à venir,"Route Charlemagne, 5b",baileux,"Route Charlemagne, 5b, 6464 BAILEUX",50.035979,baileux,4.375386,6464.0,Discobeer,060/21 12 99,https://www.facebook.com/Discobeer-Riches-P%C3%A2turages-110867187201440,https://www.discobeer.be
Resto et Snack,Description à venir,"Rue du Lac, 35",virelles,"Rue du Lac, 35, 6461 VIRELLES",50.066675,virelles,4.338529,6461.0,Edgard Et Madeleine,060/21 10 71,A venir,A venir
Resto et Snack,Description à venir,Rue Rogier 20,chimay,"Rue Rogier 20, 6460 CHIMAY",50.049252,chimay,4.316838,6460.0,El Greco,060/21 97 99,https://www.facebook.com/ElgrecoChimay,A venir
Commerce et Service,Description à venir,Rue Joaris 32,lompret,"Rue Joaris 32, 6463 LOMPRET",50.063838,lompret,4.378054,6463.0,Elevage De La Petite Suisse,0499/631394,https://www.facebook.com/Elevage-de-la-Petite-Suisse-138534396176422,http://www.elevagedelapetitesuisse.be/
Commerce et Service,Description à venir,"Rue de Rocroi, 19",baileux,"Rue de Rocroi, 19, 6464 BAILEUX",50.0296,baileux,4.373868,6464.0,Epicerie Baileusienne,060/21 46 70,https://www.facebook.com/lepiceriebaileusienne,A venir
Commerce et Service,"<img class=""alignnone size-medium wp-image-3270"" src=""http://chimay-commerce.be/wp-content/uploads/2020/07/httpchimaycommerce.wpengine.comwp-contentuploads202007auberge-de-poteaupre-300x203.jpg"" alt="""" width=""300"" height=""203"" />","Rue de Poteaupré,5",bourlers,"Rue de Poteaupré,5, 6464 BOURLERS",49.988679,bourlers,4.342108,6464.0,Espace Chimay,060/21.14.33,https://www.facebook.com/EspaceChimay/,https://chimay.com/lespace-chimay/
Resto et Snack,Description à venir,"Place Léopold, 10",chimay,"Place Léopold, 10, 6460 CHIMAY",50.046995,chimay,4.318406,6460.0,Espace Pizza,060/45 53 33,https://www.facebook.com/Espace-pizza-Chimay-271581706268497,A venir
Sports et Loisirs,Description à venir,Rue  de Virelles 18,chimay,"Rue  de Virelles 18, 6460 CHIMAY",50.049156,chimay,4.320624,6460.0,Espaces Car Srl ,060/219 280,A venir,A venir
Commerce et Service,Description à venir,"Rue du Lac, 20",virelles,"Rue du Lac, 20, 6461 VIRELLES",50.066204,virelles,4.336128,6461.0,Ets Brousmiche-Michelet,060/21 13 66,https://www.facebook.com/bmmazout/,https://www.bmmazout.be/
Commerce et Service,Description à venir,"Rue de Forges, 51",chimay,"Rue de Forges, 51, 6460 CHIMAY",50.041732,chimay,4.318864,6460.0,Ets Canivet,060/21 11 65,A venir,https://www.canivetchimay.be/
Commerce et Service,Description à venir,"Rue du Lac, 27 ",virelles,"Rue du Lac, 27 , 6461 VIRELLES",50.065787,virelles,4.335976,6461.0,Fagnes Et Saveurs,060/21 24 49,https://www.facebook.com/FagnessaveursScrl,A venir
Commerce et Service,Description à venir,Chaussée de Mons 61/63,robechies,"Chaussée de Mons 61/63, 6460 ROBECHIES",50.070094,robechies,4.294437,6460.0,Ferme De La Barriere,060/21 03 70,A venir,A venir
Resto et Snack,Description à venir,"Rue de Scourmont, 8b",bourlers,"Rue de Scourmont, 8b, 6464 BOURLERS",49.983862,bourlers,4.34866,6464.0,Ferme Des 4 Saisons,060/21 42 46,https://www.facebook.com/La-Ferme-des-4-Saisons-1791295941100486,A venir
Commerce et Service,Description à venir,Ferme Mouligneau 272,forges,"Ferme Mouligneau 272, 6464 FORGES",50.029519,forges,4.319204,6464.0,Ferme Du Mouligneau,060/21 13 89,A venir,A venir
Commerce et Service,Description à venir,Rue Neuf Maisons 2/3,vaulx,"Rue Neuf Maisons 2/3, 6462 VAULX",50.05225,vaulx,4.36322,6462.0,Ferme Lonensis,015/51 17 04,A venir,A venir
Sports et Loisirs,Description à venir,Rue jean Fichbach 1a,chimay,"Rue jean Fichbach 1a, 6460 Chimay",50.050096,chimay,4.317944,6460.0,Fitness Sport Center Chimay,0472/75 70 34 ,https://www.facebook.com/FitnessSportCenterChimay,A venir
Commerce et Service,Description à venir,rue de Bourlers 2a,chimay,"rue de bourlers 2a, 6460 CHIMAY",50.047725,chimay,4.320939,6460.0,Electro Pierrot,060/21 39 43,https://www.facebook.com/fixmyphonebelgique,https://www.electropierrot.be
Sports et Loisirs,Description à venir,"Rue du cimetière, 274",forges,"Rue du cimetière, 274, 6464 FORGES",50.027554,forges,4.319696,6464.0,Flora 2000,060/21 47 56,A venir,A venir
Banque et Finance,Description à venir,Place Froissart,chimay,"Place Froissart, 6460 CHIMAY",50.047229,chimay,4.31354,6460.0,BNP-Paribas Fortis,060/21 03 50,A venir,A venir
Resto et Snack,Description à venir,place de saint remy ,saint-remy,"place de saint remy , 6460 SAINT-REMY",50.045899,saint-remy,4.295619,6460.0,Friterie Chez Coco,0496/98 38 73,https://www.facebook.com/Friterie-chez-Coco-et-Maryline-1649393998637556,A venir
Resto et Snack,Description à venir,Place léopold ,chimay,"Place léopold , 6460 Chimay",50.047302,chimay,4.317328,6460.0,Friterie Des Fagnes,0,A venir,A venir
Sports et Loisirs,Description à venir,Zoning industriel 20,baileux,"Zoning industriel 20, 6464 BAILEUX",50.035664,baileux,4.379526,6464.0,Garage Dusaucy-Ligier,060/21 17 61,https://www.facebook.com/LigierDusaucy,A venir
Sports et Loisirs,Description à venir,"Chée de Couvin, 29",chimay,"Chée de Couvin, 29, 6460 CHIMAY",50.047179,chimay,4.320945,6460.0,Garage Gilloteaux,060/21 12 95,A venir,A venir
Sports et Loisirs,Description à venir,"Zoning industriel,7",baileux,"Zoning industriel,7, 6465 BAILEUX",50.035664,baileux,4.379526,6465.0,Garage Guérin Jean-Yves Sprl,060/21 04 45,A venir,https://www.dealer.volvotrucks.be/guerin/about-us.html
Sports et Loisirs,Description à venir,"Rue de la Fagne, 1",chimay,"Rue de la Fagne, 1, 6460 CHIMAY",50.119315,chimay,4.282209,6460.0,Garage Leseine P,060/41 28 76,A venir,A venir
Sports et Loisirs,Description à venir,Chaussée de Mons 102,chimay,"Chaussée de Mons 102, 6460 CHIMAY",50.0671,chimay,4.295705,6460.0,Garage Renault,060/21 27 05,https://www.facebook.com/garageoliviergreme,A venir
Sports et Loisirs,Description à venir,"Rue Poterie, 21",forges,"Rue Poterie, 21, 6464 FORGES",50.025916,forges,4.328278,6464.0,Garage Schouleur,060/21 16 09,https://www.facebook.com/Garage-Schouleur-589228067900412,https://www.eurorepar.be/garage-schouleur-5354.html
Sports et Loisirs,Description à venir,"Rue de Virelles, 34",chimay,"Rue de Virelles, 34, 6460 CHIMAY",50.050464,chimay,4.326827,6460.0,Garage Vilain J. Et Fils,060/21 12 83,https://www.facebook.com/vilainetfils,http://www.vilainetfils.be/
Sports et Loisirs,Description à venir,rue des marcheurs ,virelles,"rue des marcheurs , 6461 virelles",50.062517,virelles,4.331427,6461.0,Giroux Anne,0479/71 08 08,A venir,A venir
Commerce et Service,Description à venir,Rue du Château 11,chimay,"Rue du Château 11, 6460 CHIMAY",50.049005,chimay,4.314518,6460.0,Gite De La Principaute,0478/46.36.25,https://www.facebook.com/Gite.Chimay/,https://www.gitedelaprincipaute.be
Commerce et Service,Description à venir,Rue de Scourmont 8a,bourlers,"Rue de Scourmont 8a, 6464 BOURLERS",49.983862,bourlers,4.34866,6464.0,Gite Des 4 Saisons,060/21 42 46,A venir,A venir
Commerce et Service,Description à venir,Rue Bruyère 45,baileux,"Rue Bruyère 45, 6464 BAILEUX",50.028203,baileux,4.393621,6464.0,Gite La Bruyere,060/21 46 17,A venir,A venir
Resto et Snack,Description à venir,Grand Place 18,chimay,"Grand Place 18, 6460 CHIMAY",50.04873,chimay,4.314175,6460.0,Le Grand Café,0484/74 47 42,https://www.facebook.com/grandcafechimay,A venir
Commerce et Service,"Morphocoiffure dame, homme, enfant

Coloration végétale",Rue Rogier 7,chimay,"Rue Rogier 7, 6460 CHIMAY",50.049339,chimay,4.316832,6460.0,Greg Coiffure,060/21 55 95,https://www.facebook.com/gregcoiffure/,A venir
Commerce et Service,Description à venir,"Avenue des Tilleuls, 21",chimay,"Avenue des Tilleuls, 21, 6460 CHIMAY",50.044582,chimay,4.302708,6460.0,Home De L'Art,060/21 44 77,A venir,A venir
Commerce et Service,Description à venir,"Courtil au Martia, 18",lompret,"Courtil au Martia, 18, 6463 LOMPRET",50.064233,lompret,4.379514,6463.0,Hotel De Franc Bois,060/21 44 75,A venir,A venir
Commerce et Service,Description à venir,Chée de Couvin,chimay,"Chée de Couvin, 6460 CHIMAY",50.04432,chimay,4.332971,6460.0,Hubo,060/21 42 31,A venir,A venir
Autre,Description à venir,"Rue de Virelles, 20",chimay,"Rue de Virelles, 20, 6460 CHIMAY",50.049785,chimay,4.321447,6460.0,Imprimerie Michaux S.A.,060/21 10 16,A venir,A venir
Banque et Finance,Description à venir,"Place des Princes, 2",chimay,"Place des Princes, 2, 6460 CHIMAY",50.049006,chimay,4.319955,6460.0,Ing,060/21 04 00,A venir,A venir
Sports et Loisirs,Description à venir,"Rue des Pommiers, 22",chimay,"Rue des Pommiers, 22, 6460 CHIMAY",50.045687,chimay,4.326038,6460.0,Institut Carole,060/21 53 73,https://www.facebook.com/institutCaroleChimay,http://www.institutcarole.be/
Commerce et Service,Description à venir,rue des Hoeules 57,villers,"rue des Hoeules 57, 6460 villers",50.030637,chimay,4.261994,6460.0,Interieur Passion,60456385,https://www.facebook.com/pages/category/Home-Improvement/Int%C3%A9rieur-Passion-2453344994680504/,A venir
Commerce et Service,"<img class=""alignnone size-medium wp-image-3636"" src=""http://chimay-commerce.be/wp-content/uploads/2020/07/interieurtendance-300x200.jpg"" alt="""" width=""300"" height=""200"" />Description à venir",Zoning Industriel 7a,baileux,"Zoning Industriel 7a, 6464 BAILEUX",50.035664,baileux,4.379526,6464.0,Interieur Tendance,0491/39 56 68,https://www.facebook.com/interieur.tendance,A venir
Resto et Snack,Description à venir,rue de la gare 49,chimay,"rue de la gare 49, 6460 Chimay",50.033235,chimay,4.264719,6460.0,Just Traiteur,0472/619229,https://www.facebook.com/justtraiteur,A venir
Commerce et Service,Description à venir,Les Fermes 70,bailievre,"Les Fermes 70, 6460 BAILIEVRE",50.072106,bailievre,4.234756,6460.0,La Baie Du Lievre,060/21 21 44,A venir,A venir
Commerce et Service,Description à venir,"Rue Virelles,18a",chimay,"Rue Virelles,18a, 6460 CHIMAY",50.049104,chimay,4.320699,6460.0,La Berceuse,060/21 4 240,https://www.facebook.com/La-Berceuse-196449573710128,A venir
Commerce et Service,Description à venir,Rue Albert Dumont 59,lompret,"Rue Albert Dumont 59, 6463 LOMPRET",50.088211,lompret,4.380982,6463.0,La Boerderij,0478/93 21 03,A venir,A venir
Resto et Snack,Description à venir,Rue du Rond Point,forges,"Rue du Rond Point, 6464 FORGES",49.994197,forges,4.314321,6464.0,La Camargue,060/21 18 02,A venir,A venir
Resto et Snack,Description à venir,Place Froissart 8,chimay,"Place Froissart 8, 6460 CHIMAY",50.047527,chimay,4.314809,6460.0,La Charlotte,060/21 21 00,https://www.facebook.com/lacharlotte.chimay,A venir
Resto et Snack,Description à venir,Grand-Place 16,chimay,"Grand-Place 16, 6460 CHIMAY",50.048741,chimay,4.314232,6460.0,La Chimassiette,060/21.90.42,https://www.facebook.com/lachimassiette,A venir
Resto et Snack,Description à venir,Rte des Deux Parcs 2,chimay,"Rte des Deux Parcs 2, 6460 CHIMAY",50.084453,chimay,4.266021,6460.0,La  Foulque,060/21 17 35,A venir,A venir
Resto et Snack,Description à venir,"Rue de Virelles, 18b",chimay,"Rue de Virelles, 18b, 6460 CHIMAY",50.049156,chimay,4.320624,6460.0,La Fringale,"0472/42,68,95",https://www.facebook.com/AlFringale,A venir
animaux,Description à venir,"Rue Robert Willame,161",forges,"Rue Robert Willame,161, 6464 FORGES",50.02427,forges,4.32434,6464.0,La Maison Du Pecheur,060 21 19 14 ou 0479/30 53 26,https://www.facebook.com/La-maison-du-p%C3%AAcheur-259477884976905,A venir
Resto et Snack,Description à venir,"Place Léopold, 7",chimay,"Place Léopold, 7, 6460 CHIMAY",50.047093,chimay,4.318598,6460.0,La Malterie,060/21 32 30,https://www.facebook.com/lamalteriechimay/,A venir
Resto et Snack,Description à venir,rue van humbeeck,chimay,"rue van humbeeck, 6460 Chimay",50.047581,chimay,4.319759,6460.0,La Petite Fourchette,060/730443,https://www.facebook.com/La-petite-fourchette-1641672419439198,A venir
Commerce et Service,Description à venir,"Grand-Place, 26",chimay,"Grand-Place, 26, 6460 CHIMAY",50.049137,chimay,4.315973,6460.0,La Providence,060/21 10 34,A venir,A venir
animaux,Description à venir,Rue des Tilleuls 14,chimay,"Rue des Tilleuls 14, 6460 CHIMAY",50.04598,chimay,4.30471,6460.0,La Vallee Des Toutous,0474 58 16 45,https://www.facebook.com/valedestoutous,A venir
Resto et Snack,Description à venir,Rue du Pont du Welz,chimay,"Rue du Pont du Welz, 6460 CHIMAY",50.048698,chimay,4.315263,6460.0,L'After,0,A venir,A venir
Commerce et Service,"<img class=""alignnone size-medium wp-image-3615"" src=""http://chimay-commerce.be/wp-content/uploads/2020/07/anamorphose-300x219.jpg"" alt="""" width=""300"" height=""219"" />Description à venir",Rue du Marché 4a,virelles,"Rue du Marché 4a, 6461 VIRELLES",50.064373,virelles,4.333404,6461.0,L'Anamorphose,060/51 11 70,https://www.facebook.com/Lanamorphose-salon-de-coiffure-253021834749181,https://www.coiffurelanamorphose.be-
Art et Lieux Historiques,"<img class=""alignnone size-medium wp-image-3595"" src=""http://chimay-commerce.be/wp-content/uploads/2020/07/76190537_744916546023092_2054640211840729088_n-300x225.jpg"" alt="""" width=""300"" height=""225"" />Description à venir",Rue au Filet 18,chimay,"Rue au Filet 18, 6460 CHIMAY",50.048905,chimay,4.315866,6460.0,L'Atelier D'Isa,0477/76 70 61,https://www.facebook.com/Atelier.Poterie.Chimay.ceramique.activite/,A venir
Resto et Snack,Description à venir,"Rue de Rocroi,102",baileux,"Rue de Rocroi,102, 6464 BAILEUX",50.00322,baileux,4.38089,6464.0,L'Attrape-Loup,060/21 11 47,https://www.facebook.com/LattrapeLoup,A venir
Resto et Snack,Description à venir,"Chée de Mons, 55b",chimay,"Chée de Mons, 55b, 6460 CHIMAY",50.070685,chimay,4.293893,6460.0,Le Beauchamp,060/21 38 70,https://www.facebook.com/LeBeauchamp,A venir
Resto et Snack,Description à venir,Place de Virelles 18,virelles,"Place de Virelles 18, 6461 VIRELLES",50.062616,virelles,4.333511,6461.0,Le Cerf Feuille,060/34 63 72,https://www.facebook.com/Cerffeuillevirelles,A venir
Resto et Snack,Description à venir,Rue rogier,chimay,"Rue rogier, 6460 Chimay",50.049302,chimay,4.316648,6460.0,Le Comptoir D'Oscar,060/512935,https://www.facebook.com/Le-comptoir-dOscar-656673934854338,A venir
Resto et Snack,Description à venir,"Rue de Virelles,18",chimay,"Rue de Virelles,18, 6460 CHIMAY",50.049156,chimay,4.320624,6460.0,Le Croc'Midi,060/51 41 14 NON ATTRIBUE,https://www.facebook.com/Le-CrocMidi-Sandwicherie-Chimay-221812484548388,A venir
Commerce et Service,Description à venir,rue forge-monseu,virelles,"rue forge-monseu, 6461 virelles",50.05324,virelles,4.33813,6461.0,Le Jardin Des 2 Rivieres,0476/338429,https://www.facebook.com/pages/category/Gardener/Jardin-des-deux-Rivi%C3%A8res-2375970539293927/,http://www.jardindesdeuxrivieres.be/
Commerce et Service,Description à venir,Rue du Feuillet 18,saint-remy,"Rue du Feuillet 18, 6460 SAINT-REMY",50.043149,saint-remy,4.29917,6460.0,Le Jardin Du Feuillet,060/21 36 69,A venir,A venir
Commerce et Service,Description à venir,Rue de Bailièvre 96B,robechies,"Rue de Bailièvre 96B, 6460 ROBECHIES",50.070643,robechies,4.276234,6460.0,Le Marteaubois,0475/36 18 35,A venir,A venir
Resto et Snack,Description à venir,Pl. de l'église 23,baileux,"Pl. de l'église 23, 6464 BAILEUX",50.02871,baileux,4.37605,6464.0,Le Nemrod,060/51 24 90,A venir,A venir
Autre,Description à venir,"Rue des Ormeaux, 25",chimay,"Rue des Ormeaux, 25, 6460 CHIMAY",50.0477,chimay,4.316348,6460.0,Le Papyrus,060/21 44 08,https://www.facebook.com/librairiechimay,A venir
Commerce et Service,Description à venir,"Place du Chapitre, 5",chimay,"Place du Chapitre, 5, 6460 CHIMAY",50.049597,chimay,4.316536,6460.0,Le Petit Chapitre,060/21 10 42,A venir,A venir
Resto et Snack,Description à venir,"Grand Place, 28",chimay,"Grand Place, 28, 6460 CHIMAY",50.049138,chimay,4.31597,6460.0,Le Picotin,060/21 18 97,A venir,A venir
Sports et Loisirs,Description à venir,Chaussée de Couvin 3,chimay,"Chaussée de Couvin 3, 6460 CHIMAY",50.04731,chimay,4.319616,6460.0,Le P'Ti Fleuriste,060/41 12 77,https://www.facebook.com/leptifleuriste/,A venir
Resto et Snack,Description à venir,"Grand-rue, 22",chimay,"Grand-rue, 22, 6460 CHIMAY",50.048647,chimay,4.314167,6460.0,Le Queen-Mary,060/21 23 81,https://www.facebook.com/queenmarychimay,A venir
Resto et Snack,Description à venir,"Place Léopold, 3",chimay,"Place Léopold, 3, 6460 CHIMAY",50.04763,chimay,4.318446,6460.0,Le Relais,060/21 13 53,A venir,A venir
Resto et Snack,Description à venir,R. de Bailièvre 2b,robechies,"R. de Bailièvre 2b, 6460 ROBECHIES",50.072694,robechies,4.259559,6460.0,Le Repos Du Templier,0497/46 86 92,A venir,A venir
Resto et Snack,Description à venir,Rue Sainte Monégonde 44,salles,"Rue Sainte Monégonde 44, 6460 SALLES",50.055611,salles,4.245141,6460.0,Le Snack Saint Antoine,060/21 93 19,https://www.facebook.com/snacksaintantoine,A venir
Commerce et Service,Description à venir,rue de la station 171,forges,"rue de la station 171, 6464 Forges",50.02216,forges,4.325282,6464.0,Le Temps D'Un Cadeau,0489 91 47 47,https://www.facebook.com/letempsduncadeau,https://letempsduncadeau.ccvshop.be/
Commerce et Service,Description à venir,Rue de Bourlers 32a,chimay,"Rue de Bourlers 32a, 6460 Chimay, Belgique",50.045721,chimay,4.3231,6460.0,Le Tournesol-Un Choix De Vie,060/21 39 18,A venir,A venir
Resto et Snack,Description à venir,"Rue Joaris, 27",lompret,"Rue Joaris, 27, 6463 LOMPRET",50.063838,lompret,4.378054,6463.0,L'Eau Blanche,060/21 18 64,https://www.facebook.com/leaublanchelompret,A venir
Commerce et Service,Description à venir,Rue de Bourlers 1a,chimay,"Rue de Bourlers 1a, 6460 CHIMAY",50.047945,chimay,4.321365,6460.0,Leonidas,060/21 23 90,A venir,A venir
Banque et Finance,Description à venir,"Chée de Couvin, 37",chimay,"Chée de Couvin, 37, 6460 CHIMAY",50.047067,chimay,4.321428,6460.0,Les Ap Assurances,060/21 10 30,A venir,A venir
Resto et Snack,Description à venir,Rue Roger de Keyser 101,forges,"Rue Roger de Keyser 101, 6464 Forges, Belgique",50.013655,forges,4.319644,6464.0,Les Etangs Gourmands,060/21 26 60 - 0479/33 81 83,https://www.facebook.com/LesEtangsGourmands,A venir
textile,Description à venir,place froissart 32a,chimay,"place froissart 32a, 6460 Chimay",50.047036,chimay,4.313293,6460.0,Les Petits Branchés,0477 67 76 27,A venir,A venir
Sports et Loisirs,Description à venir,Chaussée de Trélon 24,chimay,"Chaussée de Trélon 24, 6460 CHIMAY",50.052559,chimay,4.298644,6460.0,Les Petits Lutins,0471/18 78 91,A venir,A venir
Commerce et Service,Description à venir,"Chaussée de Trélon,20",chimay,"Chaussée de Trélon,20, 6460 CHIMAY",50.052175,chimay,4.300949,6460.0,Les Riches Paturages,060/51 13 15,A venir,A venir
Sports et Loisirs,Description à venir,Rue des Usines 1b,bourlers,"Rue des Usines 1b, 6464 Bourlers",50.024738,bourlers,4.344918,6464.0,L'Évasion,0478/292652,A venir,A venir
Commerce et Service,Description à venir,Ch. de Couvin,chimay,"Ch. de Couvin, 6460 CHIMAY",50.044804,chimay,4.330861,6460.0,Lidl,0,A venir,A venir
textile,Description à venir,"Rue des Ormeaux, 8",chimay,"Rue des Ormeaux, 8, 6460 CHIMAY",50.047644,chimay,4.315569,6460.0,Lingerie Dominique,060/21 32 54,https://www.facebook.com/pages/category/Women-s-Clothing-Store/Lingerie-Dominique-534104916750679/,A venir
Commerce et Service,Description à venir,Pont du Welz 7,chimay,"Pont du Welz 7, 6460 CHIMAY",50.048621,chimay,4.315336,6460.0,Lolipop,060/45 59 33,https://www.facebook.com/lolipopchimay,A venir
Commerce et Service,"Fabrication artisanale de pâtisserie fine, maCarons, viennoiseries, glaces, chocolats, biscuiterie et confiseries.
Dépôt de boulangerie (Pains et baguettes).
Cours de pâtisserie.",rue de l'athénée 32,chimay,"rue de l'athénée 32, 6460 Chimay",50.048219,chimay,4.314939,6460.0,Macaro'N Co,0,https://www.facebook.com/macaroandco,A venir
Commerce et Service,Description à venir,"Chée de Mons, 17",chimay,"Chée de Mons, 17, 6460 CHIMAY",50.051241,chimay,4.309154,6460.0,Match S.A.,060/21 02 80,A venir,A venir
Resto et Snack,Description à venir,"Chaussée de Couvin, 118",chimay,"Chaussée de Couvin, 118, 6460 CHIMAY",50.044493,chimay,4.331068,6460.0,Meet Wok,060/21 95 88,https://www.facebook.com/meetwokchimay,A venir
Commerce et Service,Description à venir,Rue du Faubourg 12,chimay,"Rue du Faubourg 12, 6460 CHIMAY",50.047349,chimay,4.312866,6460.0,Ml Voyages,060/21 42 69,https://www.facebook.com/mlvoyages,A venir
Commerce et Service,Description à venir,Rue du faubourg 2,chimay,"Rue du faubourg 2, 6460 Chimay",50.047305,chimay,4.313231,6460.0,Ms Hair And Beauty,0475 56 88 41,https://www.facebook.com/MS-Hair-Beauty-Chimay-Maud-Stevens-447203525417881,A venir
Commerce et Service,"<img class=""alignnone size-medium wp-image-3642"" src=""http://chimay-commerce.be/wp-content/uploads/2020/07/multiboispoucet-300x188.jpg"" alt="""" width=""300"" height=""188"" />Description à venir",Zoning Industriel,baileux,"Zoning Industriel, 6464 BAILEUX",50.035656,baileux,4.379384,6464.0,Multibois Poucet,060/21.26.61,https://www.facebook.com/MultiboisPoucetSA,https://www.multibois.be
Sports et Loisirs,Description à venir,rue frontière 68,riezes,"rue frontière 68, 6464 riezes",49.956144,riezes,4.366254,6464.0,Musée Du Grand Méchant Loup,060/399939,https://www.facebook.com/riezestoys,http://www.legrandmechantloup.biz/
Commerce et Service,"<img class=""alignnone size-medium wp-image-3580"" src=""http://chimay-commerce.be/wp-content/uploads/2020/07/NhairJ-300x218.jpg"" alt="""" width=""300"" height=""218"" />Description à venir",Rue de la Bouchère 21,chimay,"Rue de la Bouchère 21, 6460 CHIMAY",50.049784,chimay,4.309263,6460.0,N'Hair'J,0477/88 85 26,https://www.facebook.com/Nhairj-602222553278310,A venir
Commerce et Service,"<img class=""alignnone size-medium wp-image-3643"" src=""http://chimay-commerce.be/wp-content/uploads/2020/07/nighteandday-300x200.jpg"" alt="""" width=""300"" height=""200"" />Description à venir",Route de Couvin 98,chimay,"Route de Couvin 98, 6460 CHIMAY",50.045321,chimay,4.328122,6460.0,Night And Day,0,A venir,A venir
Commerce et Service,Description à venir,Place Léopold,chimay,"Place Léopold, 6460 Chimay",50.047302,chimay,4.317328,6460.0,Night Shop,0,A venir,A venir
Resto et Snack,Description à venir,Route de Boutonville 9,baileux,"Route de Boutonville 9, 6464 BAILEUX",50.037656,baileux,4.392215,6464.0,No Limit,060/45 69 64,A venir,A venir
Commerce et Service,"La nouvelle référence à grande valeur ajoutée pour tous vos projets de voyages privés ou professionnels!

• Conseil et vente voyages à forfaits tour-opérateurs (BE, FR, LU)
• Conseil et organisation voyages à la carte dans le monde entier : billetterie aérienne, transferts, logements divers, locations de voitures, assurances, …
• Organisation et accompagnement de voyages thématiques : circuits culturels, croisières, plongée sous-marine et trekking
• Organisation de voyages en groupes",Rue Van Humbeeck 1,chimay,"Rue van Humbeeck 1, 6460 Chimay, Belgique",50.047491,chimay,4.319286,6460.0,Odyssea Travel,+3260213964,https://www.facebook.com/odyssea.travel,A venir
Autre,Description à venir,"Rue d'Austravent, 12",chimay,"Rue d'Austravent, 12, 6460 CHIMAY",50.084453,chimay,4.266021,6460.0,Optique Poucet-Cuche,060/21 28 21,A venir,A venir
Banque et Finance,Description à venir,Rue de bourlers 14/1,chimay,"Rue de bourlers 14/1, 6460 Chimay",50.04752,chimay,4.321113,6460.0,Ozedis,060/211104,https://www.facebook.com/ozedis/,http://www.ozedis.be/
Sports et Loisirs,Description à venir,Rue Falise 1,saint-remy,"Rue Falise 1, 6460 SAINT-REMY",50.04553,saint-remy,4.291623,6460.0,Pepiniere Brison,060/21 28 26,A venir,A venir
textile,Description à venir,Rue des trappistes 101a,chimay,"Rue des trappistes 101a, 6460 Chimay",50.017577,chimay,4.337614,6460.0,Perlipopette,0476 03 56 00,https://www.facebook.com/PerlipopetteBelgique,https://www.perlipopette.be
Commerce et Service,Description à venir,Grand Place 15,chimay,"Grand Place 15, 6460 Chimay",50.048577,chimay,4.31417,6460.0,Petit Cadeau,060/212239,https://www.facebook.com/petitcadeau.be,http://www.petitcadeau.be/
Sante,Description à venir,Rue  de Virelles 1b,chimay,"Rue  de Virelles 1b, 6460 Chimay",50.049454,chimay,4.317637,6460.0,Pharmacie Cawet,060/21 10 98,https://www.facebook.com/PharmacieCawetSwalue,A venir
Sante,Description à venir,Place Froissart,chimay,"Place Froissart, 6460 Chimay",50.047229,chimay,4.31354,6460.0,Pharmacie Francois,060/211132,https://www.facebook.com/pharmacieFrancoischimay,A venir
Sante,Description à venir,Neant,chimay,", 6460 Chimay",50.084453,chimay,4.266021,6460.0,Pharmacie Gaye,060/211485,https://www.facebook.com/pharmaciegaye,A venir
Sante,Description à venir,Place Léopold,chimay,"Place Léopold, 6460 Chimay",50.047302,chimay,4.317328,6460.0,Pharmacie Maertens,060/211003,https://www.facebook.com/Pharmacie-Maertens-621759767837168,http://www.pharmaciemaertens.be/
animaux,"<img class=""alignnone size-medium wp-image-3585"" src=""http://chimay-commerce.be/wp-content/uploads/2020/07/DSC_2723-300x200.jpg"" alt="""" width=""300"" height=""200"" />   Description à venir",Rue de la Gâte 19,baileux,"Rue de la Gâte 19, 6464 BAILEUX",50.0255,baileux,4.370768,6464.0,Picart Siegried,0476/95 21 83,https://www.facebook.com/Toilettage-Picart-Siegried-418239784910364,A venir
animaux,Description à venir,"Rue de Bourlers, 21",chimay,"Rue de Bourlers, 21, 6460 CHIMAY",50.044235,chimay,4.325274,6460.0,Plus Tot Chic Toilettage Canin,060/21 30 81,A venir,A venir
Sports et Loisirs,"<img class=""alignnone size-medium wp-image-3613"" src=""http://chimay-commerce.be/wp-content/uploads/2020/07/pointsa-1-300x163.jpg"" alt="""" width=""300"" height=""163"" />Description à venir",Rue Grand Prix des Frontières 5,chimay,"Rue Grand Prix des Frontières 5, 6460 CHIMAY",50.053102,chimay,4.300368,6460.0,Point S,060211332,https://www.facebook.com/pointschimay5,http://www.point-s.be/
textile,Description à venir,Rue de Bourlers 1a,chimay,"Rue de Bourlers 1a, 6460 CHIMAY",50.047945,chimay,4.321365,6460.0,Pointcarre,060/21 51 41,https://www.facebook.com/PointCarreChimay,http://www.pointcarre.eu/fr/magasins?id_magasin=1
Autre,Description à venir,"Rue des Sarts, 250",forges,"Rue des Sarts, 250, 6464 FORGES",50.027883,forges,4.306447,6464.0,Poterie Marie-Jo Cuche,060/21 14 57,A venir,A venir
Commerce et Service,Description à venir,"Rue Lisbonne, 75c",l'escaillere,"Rue Lisbonne, 75c, 6464 L'ESCAILLERE",49.952787,lescaillere,4.427187,6464.0,Pralines De Chimay,060/37 72 28,https://www.facebook.com/lespralinesdechimaygillotv,http://lespralinesdechimay.be/
Autre,Description à venir,"Grand-Place, 14/15",chimay,"Grand-Place, 14/15, 6460 CHIMAY",50.048905,chimay,4.314638,6460.0,Proximus,060/21 35 11,https://www.facebook.com/bcwproximuschimay,A venir
Banque et Finance,Description à venir,Rue de Virelles 20d,chimay,"Rue de Virelles 20d, 6460 Chimay",50.049785,chimay,4.321447,6460.0,Pv Assurances,0,A venir,A venir
Resto et Snack,Description à venir,"Chée de Mons, 74",chimay,"Chée de Mons, 74, 6460 CHIMAY",50.061184,chimay,4.300888,6460.0,Restaurant Du Circuit,060/21 23 84,https://www.facebook.com/Taverne-Restaurant-Du-Circuit-1877174839221403,A venir
Banque et Finance,Description à venir,"Rue de Noailles, 2",chimay,"Rue de Noailles, 2, 6460 CHIMAY",50.049308,chimay,4.317124,6460.0,S.P.R.L. Socredas,060/21 32 84,A venir,A venir
Commerce et Service,Description à venir,Rue des Déportés 11,chimay,"Rue des Déportés 11, 6460 CHIMAY",50.048249,chimay,4.309424,6460.0,S.P.R.L. Wilcothera,060/21 32 99,A venir,A venir
Banque et Finance,Description à venir,Chée de Couvin 104,chimay,"Chée de Couvin 104, 6460 CHIMAY",50.045103,chimay,4.328695,6460.0,Sa Chimay Assurances,060/21 24 15,www.chimayassurances.be,A venir
Commerce et Service,Description à venir,Rue du Fief 1,chimay,"Rue du Fief 1, 6460 CHIMAY",50.050158,chimay,4.321322,6460.0,Saveurs De Thierache,060/21 19 13,A venir,A venir
Resto et Snack,Description à venir,Rue au filet 16,chimay,"Rue au filet 16, 6460 Chimay",50.048894,chimay,4.315832,6460.0,Saveurs Thai,0477/467671,https://www.facebook.com/Lessaveursthai/,A venir
textile,Description à venir,rue de l'athénée 38,chimay,"rue de l'athénée 38, 6460 Chimay",50.048145,chimay,4.314803,6460.0,Smarly,060/219549,https://www.facebook.com/Smarly-581506322043094,http://www.pretaporter-smarly.be/
Sports et Loisirs,"<img class=""alignnone size-medium wp-image-3612"" src=""http://chimay-commerce.be/wp-content/uploads/2020/07/ateliersdurlet-1-300x200.jpg"" alt="""" width=""300"" height=""200"" />Description à venir",Chaussée de Trélon,chimay,"Chée de Trélon, 6460 CHIMAY",50.051197,chimay,4.303094,6460.0,Sprl Ateliers Durlet,060/21 12 18,https://www.facebook.com/AteliersDurlet,http://www.ateliersdurlet.com/
Commerce et Service,Description à venir,"Rue Pétin, 24",baileux,"Rue Pétin, 24, 6464 BAILEUX",50.031999,baileux,4.376751,6464.0,Sprl Canivet Michel,060/21 20 95,A venir,A venir
Banque et Finance,Description à venir,Place du Prince 2,chimay,"Place du Prince 2, 6460 CHIMAY",50.049006,chimay,4.319955,6460.0,Sprl Michaux,060/21 13 45,A venir,A venir
Commerce et Service,Description à venir,"Chée de Mons, 17",chimay,"Chée de Mons, 17, 6460 CHIMAY",50.051241,chimay,4.309154,6460.0,Station Match,060/21 34 76,A venir,A venir
Commerce et Service,Description à venir,"Chaussée de Couvin 98, 6460 Chimay",chimay,"Chaussée de Couvin 98, 6460 Chimay, Belgique",50.045194,chimay,4.328064,6460.0,Station Shell,0,A venir,A venir
Commerce et Service,Description à venir,chimay,chimay,", 6460 CHIMAY",50.084453,chimay,4.266021,6460.0,Station Total,060/21 30 16,A venir,A venir
Commerce et Service,Description à venir,Rue Sainte Geneviève 10c,chimay,"Rue Sainte-Geneviève 10C, 6460 Chimay, Belgique",50.047061,saint-remy,4.301007,6460.0,Stevensoft Sprl,060/21 54 00,A venir,A venir
Resto et Snack,Description à venir,GRand rue 14,chimay,"GRand rue 14, 6460 Chimay",50.04877,chimay,4.314314,6460.0,Sushimay,0477/062040,https://www.facebook.com/sushimay13/,https://info@sushichimay.be
Resto et Snack,Description à venir,"Rue des Ormeaux, 30",chimay,"Rue des Ormeaux, 30, 6460 CHIMAY",50.047374,chimay,4.316468,6460.0,Taverne Le Galion,060/21 35 96,https://www.facebook.com/Taverne-Le-Galion-1694418097524873,A venir
Sports et Loisirs,Description à venir,Rue Emile Dony 15c,bourlers,"Rue Emile Dony 15c, 6464 BOURLERS",50.02724,bourlers,4.339348,6464.0,Tb Racing,060/51 43 08,A venir,A venir
Commerce et Service,Description à venir,"Grand-Rue, 15/17",chimay,"Grand-Rue, 15/17, 6460 CHIMAY",50.048578,chimay,4.314188,6460.0,Textiles Coene-Pirson,060/21 13 95,https://www.facebook.com/Coene-Marcoux-Impression-177560835654713,https://cmimpression.com
textile,Description à venir,"Rue de Bourlers,1c",chimay,"Rue de Bourlers,1c, 6460 CHIMAY",50.047945,chimay,4.321365,6460.0,Tissus Thonet,060/21 21 34,https://www.facebook.com/Magasins-Thonet-764549020342172,A venir
Commerce et Service,Description à venir,Rue Van Humbeeck 13,chimay,"Rue Van Humbeeck 13, 6460 CHIMAY",50.048033,chimay,4.320436,6460.0,Tom & Co,060/21 12 21,https://www.facebook.com/kevin.vandesteene,http://www.tomandco.be/
Commerce et Service,"<img class=""alignnone size-medium wp-image-3588"" src=""http://chimay-commerce.be/wp-content/uploads/2020/07/tooba-300x200.jpg"" alt="""" width=""300"" height=""200"" />",Rue de Virelles 18,chimay,"Rue de Virelles 18, 6460 CHIMAY",50.049156,chimay,4.320624,6460.0,Tooba,060/21 46 78,https://www.facebook.com/Tooba-1705096649712383,A venir
Commerce et Service,Description à venir,Chaussée de Mons,chimay,"Chaussée de Mons, 6460 Chimay",50.085017,chimay,4.293276,6460.0,Traffic,0,A venir,A venir
Autre,Description à venir,Rue du lac 41a,virelles,"Rue du lac 41a, 6461 Virelles",50.068053,virelles,4.343553,6461.0,Traiteur Bouyard,0477/60 16 37,https://www.facebook.com/BouyardCie,https://www.bouyard.be
Resto et Snack,Description à venir,Rue de la poterie 49/a,chimay,"Rue de la poterie 49/a, 6460 Chimay",50.027345,chimay,4.335023,6460.0,Traiteur Jg Demeyer,0477/509105,A venir,A venir
animaux,Description à venir,Chaussée de Couvin 86,chimay,"Chaussée de Couvin 86, 6460 CHIMAY",50.04573,chimay,4.326187,6460.0,Tresor D'Eau Et De Terre,Tél. 0497/13.15.32,https://www.facebook.com/Tr%C3%A9sors-deau-et-de-terre-238378543783108,A venir
Commerce et Service,Description à venir,chaussée de Mons 14,chimay,"chaussée de Mons 14, 6460 CHIMAY",50.051203,chimay,4.309593,6460.0,Vaisiere Meubles,060/21 17 49,https://www.facebook.com/meublesvaisiere,http://www.vaisiere.be/
Commerce et Service,Description à venir,Rue de Forges 10,chimay,"Rue de Forges 10, 6460 CHIMAY",50.045273,chimay,4.316917,6460.0,Villa Adelaide,060/51 41 21,A venir,A venir
Autre,Description à venir,"Rue du Lavoir, 19",bourlers,"Rue du Lavoir, 19, 6464 BOURLERS",50.024792,bourlers,4.338929,6464.0,Walmat,060/21 13 58,https://www.facebook.com/WallonieMateriaux,A venir
Commerce et Service,Description à venir,Chaussée de Couvin 25/1,chimay,"Chaussée de Couvin 25/1, 6460 Chimay",50.047148,chimay,4.320959,6460.0,Wibra,0,A venir,A venir
Resto et Snack,Description à venir,rue des déportés 11,chimay,"rue des déportés 11, 6460 Chimay",50.048249,chimay,4.309424,6460.0,Wil Frites,060/213299,https://www.facebook.com/WilFritesChimay,A venir
Autre,Description à venir,grand place 1,chimay,"Grand'Rue 1, 6460 Chimay, Belgique",50.048798,chimay,4.314749,6460.0,Le Secret de Chimay,060 21 54 04,https://www.facebook.com/SecretdeChimay/,A venir
Commerce et Service,"<img class=""alignnone size-medium wp-image-3584"" src=""http://chimay-commerce.be/wp-content/uploads/2020/07/DSC_2425-300x200.jpg"" alt="""" width=""300"" height=""200"" />",Rue des Sarts 237,chimay,Chimay,0.0,forges,0.0,6464.0,Ets Parent,0,A venir,A venir
Commerce et Service,"<img class=""alignnone size-medium wp-image-3581"" src=""http://chimay-commerce.be/wp-content/uploads/2020/07/gregcoiffure-300x193.jpg"" alt="""" width=""300"" height=""193"" />",rue de Bourlers 66c,chimay,"Rue de Bourlers 66c, 6460 Chimay, Belgique",50.042802,chimay,4.326572,6460.0,RG coiffure,060 21 55 95,A venir,A venir
Commerce et Service,"Vente et conseils aux particuliers et installateurs : chauffage, sanitaire, fixations, traitement de l'eau",Place Froissart 9,chimay,"Place Froissart 24, 6460 Chimay, Belgique",50.047036,chimay,4.313293,6460.0,Sanitherm Chimay,048910 04 02,https://www.facebook.com/SaniTherm-Chimay-105500604414010/?__tn__=%2Cd%2CP-R&eid=ARAAI3GOtWhp7GCb3rel1RkYbh04qRRy_rEeLrPJu01Z8uW5LO9obHDHk2yoI1nm_3xYoATSpueE12i7,A venir
Commerce et Service,"Services dédiés aux professionnels de la santé : secrétariat, nettoyage des cabinets médicaux, matériels d'équipements pour le cabinet",Rue Lapeau 13,chimay,"Rue Lapeau, 6461 Chimay, Belgique",50.066129,virelles,4.321019,6461.0,Virginie  Vandecasteele,0479 51 53 98,A venir,https://www.smical.com
Commerce et Service,Menuiserie générale du bâtiment. Spécialisée dans les escaliers et portes intérieures.,Rue de l'étang 89f,chimay,"Rue de l'Etang 88, 6460 Chimay, Belgique",50.05544,salles,4.24463,6460.0,Menuiserie Vaccin,0494/ 67 34 66,https://www.facebook.com/menuiserievaccin/,A venir
Commerce et Service,Description à venir,Rue Colas Jean  72/1,chimay,"Rue Colas Jean 72, 6464 Chimay, Belgique",49.948633,lescaillere,4.43565,6460.0,La Brasserie Escaillonne,060/240 473   ou 0479/979 771,https://www.facebook.com/brasserieescaillonne/,https://www.brasserieescaillonne.be
Commerce et Service,Description à venir,Chaussée de Couvin 50b,chimay,"N99 52, 6460 Chimay, Belgique",50.046645,baileux,4.322551,6460.0,Ostéopathe D.O. Charles Vanden Noortgate,0484/ 21 64 39,A venir,A venir
Autre,Patrimoine Exceptionnel classé par la Région Wallone.,franc bois,lompret,"Courtil au Martias 23, 6463 Lompret, Belgique",50.063816,lompret,4.379527,6463.0,Le site du Franc Bois,0,A venir,A venir
Autre,"L’aire d’accueil et services Motorhomes de Chimay possède une situation géographique confortable pour ses utilisateurs. Située à proximité du centre historique de Chimay, elle dispose de tout le confort nécessaire à une halte. Ce lieu spécialement dédié aux camping-cars s’inscrit aux abords d’un camping qui offre également divers services. De plus, l’aire se situe en bordure de Ravel ou encore à 5 minutes du Circuit de Chimay, de quoi profiter paisiblement de la découverte de la région.",Allée du Prince,chimay,"Camping communal de Chimay, Allée du Prince, 6460 Chimay, Belgique",50.045781,chimay,4.309699,6460.0,Camping de Chimay,060 51 12 57,A venir,https://www.ville-de-chimay.be/loisirs/tourisme/le-site-du-camping-communal
Sports et Loisirs,"« Laissez-vous conter l’histoire de Chimay à bord du petit train touristique. Une manière agréable et reposante de découvrir les multiples visages de Chimay.
Etant donné l’affluence actuelle, il est conseillé de réserver au 060/21 18 46 ou par mail info@si-chimay.be",Rue de Noailles 6,chimay,"Rue de Noailles 6, 6460 Chimay, Belgique",50.049444,chimay,4.317226,6460.0,Le petit train touristique,060211846,A venir,https://visitchimay.be
Autre,Description à venir,Rue de Noailles 6,chimay,"Rue de Noailles 6, 6460 Chimay, Belgique",50.049444,chimay,4.317226,6460.0,Info Tourisme,060211846,A venir,https://visitchimay.be
Autre,"Concerts, jeux pour enfants, crieur public, activités artistiques ou encore évènements festifs, cela fait désormais 6 ans que les Estivales parviennent à vous plonger dans un air de vacances !",grand place,chimay,"Grand'Place 1415, 6460 Chimay, Belgique",50.048968,chimay,4.315053,6460.0,Estivales,060215404,A venir,https://visitchimay.be
Autre,"Le clocher bulbeux surmontant la tour érigée de 1732 à 1742 abrite un carillon unique en son genre. Véritable piano à cloches avec un petit clavier, il a la particularité de ne pas avoir de mi bémol. Il totalise 26 cloches dont la plus ancienne date du XVIIème siècle.",Rue de la collégiale,chimay,"Rue Fromenteau 1, 6460 Chimay, Belgique",50.049333,chimay,4.315518,6460.0,Carillon de la Collégiale,060212754,A venir,A venir
Banque et Finance,Description à venir,grand place 29,chimay,Chimay,0.0,chimay,0.0,6460.0,Belfius,060/210230,A venir,https://www.belfius.be
Banque et Finance,Description à venir,Place Froissart 2,chimay,Chimay,0.0,chimay,0.0,6460.0,BNP Paribas Fortis,060/210350,A venir,https://www.bnpparibasfortis
Banque et Finance,Description à venir,Chaussée de Couvin 1,chimay,"Chaussée de Couvin 1, 6460 Chimay, Belgique",50.047389,chimay,4.319534,6460.0,Beobank,060/213061,A venir,A venir
Banque et Finance,Description à venir,Rue de Virelles 3,chimay,"Rue de Virelles 3, 6460 Chimay, Belgique",50.049422,chimay,4.317684,6460.0,CBC Banque,060/414150,A venir,A venir
Art et Lieux Historiques,Description à venir,Rue de Virelles 45,chimay,"Rue de Virelles 45, 6460 Chimay, Belgique",50.049782,chimay,4.321041,6460.0,Atelier Laurent Nemeghaire,0498698082,A venir,A venir
Autre,Description à venir,Rue saint nicolas,chimay,"Rue Saint-Nicolas 53, 6460 Chimay, Belgique",50.048352,chimay,4.311518,6460.0,Pont d'en bas,0,A venir,A venir
Autre,Description à venir,plaine des ormeaux,chimay,"Rue des Ormeaux 27, 6460 Chimay, Belgique",50.047948,chimay,4.317417,6460.0,Plaine des Ormeaux,0,A venir,A venir
Autre,Description à venir,Rue de Noailles 4,chimay,"Rue de Noailles 5, 6460 Chimay, Belgique",50.047906,chimay,4.318303,6460.0,Vieille Tour,0,A venir,A venir
Autre,Description à venir,rue rogier 5,chimay,"Rue Rogier 10, 6460 Chimay, Belgique",50.04939,chimay,4.31668,6460.0,Hôtel des Postes,0,A venir,A venir
Autre,Description à venir,Rue de la collégiale,chimay,"Rue Fromenteau 1, 6460 Chimay, Belgique",50.049333,chimay,4.315518,6460.0,Collégiale Saint-Pierre et Paul,0,A venir,A venir
Autre,Description à venir,Place du Chapitre,chimay,"Rue Fromenteau 28, 6460 Chimay, Belgique",50.049555,chimay,4.316286,6460.0,Place du Chapitre,0,A venir,A venir
Autre,Description à venir,Rue basse ville,chimay,"Place Mont-Joly 12, 6460 Chimay, Belgique",50.050251,chimay,4.315761,6460.0,Fontaine Sainte-Prisce,0,A venir,A venir
Autre,Description à venir,Rue basse ville,chimay,"Place Mont-Joly 12, 6460 Chimay, Belgique",50.050426,chimay,4.315858,6460.0,Vieux lavoir,0,A venir,A venir
Art et Lieux Historiques,Description à venir,rue basse ville,chimay,"Rue Basse-Ville La Ramp 10, 6460 Chimay, Belgique",50.049725,chimay,4.314515,6460.0,Jardins suspendus,0,A venir,A venir
Art et Lieux Historiques,Description à venir,rue du four,chimay,"Rue du Four 8, 6460 Chimay, Belgique",50.049202,chimay,4.314268,6460.0,Rue du Four,0,A venir,A venir
Autre,Description à venir,rue du château,chimay,"Rue du Château 11, 6460 Chimay, Belgique",50.049027,chimay,4.314689,6460.0,Porte Triomphale,0,A venir,A venir
Autre,Description à venir,grand place,chimay,"Grand'Place 1912, 6460 Chimay, Belgique",50.049076,chimay,4.315089,6460.0,Fontaine des Princes,0,A venir,A venir
Autre,Description à venir,grand place,chimay,"Grand'Place 34, 6460 Chimay, Belgique",50.04913,chimay,4.315317,6460.0,Grand Place,0,A venir,A venir
Autre,Description à venir,grand place 1,chimay,"Grand'Rue 1, 6460 Chimay, Belgique",50.048798,chimay,4.314749,6460.0,Hôtel de Ville,0,A venir,A venir
Sante,Description à venir,bld louise 18,chimay,"Boulevard Louise 18, 6460 Chimay, Belgique",50.044836,chimay,4.310034,6460.0,Hôpital de Chimay (CSF),060218811,A venir,A venir
Sante,Poste de Garde - Polyclinique du Centre de Santé des Fagnes (Hôpital - CSF),chausé de couvin 41,chimay,"Chaussée de Couvin 41, 6460 Chimay, Belgique",50.046848,chimay,4.323424,6460.0,Poste de Garde,060211534,A venir,A venir
Autre,Description à venir,rue de la socque 12,chimay,"Rue de la Soque 10, 6460 Chimay, Belgique",50.047314,chimay,4.315277,6460.0,Maison de la Socque,0,A venir,A venir
Art et Lieux Historiques,Description à venir,Place Léopold,chimay,"N99 16, 6460 Chimay, Belgique",50.047302,chimay,4.317328,6460.0,Promenade du Moulin du Blanc,0,A venir,A venir
Art et Lieux Historiques,Description à venir,Place Léopold,chimay,"N99 16, 6460 Chimay, Belgique",50.047302,chimay,4.317328,6460.0,Promenade des Crayas,0,A venir,A venir
Art et Lieux Historiques,Description à venir,Rue du Four 3,chimay,"Rue du Four 3, 6460 Chimay, Belgique",50.049094,chimay,4.314036,6460.0,Eglise Protestante,060211710,A venir,A venir
Art et Lieux Historiques,Description à venir,bld louise,chimay,"Boulevard Louise 17, 6460 Chimay, Belgique",50.044943,chimay,4.314861,6460.0,Chapelle ND de la Miséricorde,0,A venir,A venir
Art et Lieux Historiques,Description à venir,Rue des Sartiaux 1,chimay,"Rue des Sartiaux 1, 6460 Chimay, Belgique",50.046503,chimay,4.317866,6460.0,Chapelle Saint-Ghislain,0,A venir,A venir
Art et Lieux Historiques,Description à venir,rue d'angleterre,chimay,"Rue d'Angleterre 28, 6460 Chimay, Belgique",50.048536,chimay,4.314805,6460.0,Rue d'Angleterre,0,A venir,A venir
Art et Lieux Historiques,Description à venir,Rue du Tribunal,chimay,"Rue Fromenteau 4, 6460 Chimay, Belgique",50.049238,chimay,4.314637,6460.0,Rue du Tribunal,0,A venir,A venir
Autre,Description à venir,rue du château,chimay,"Rue Saint-Nicolas 38, 6460 Chimay, Belgique",50.048609,chimay,4.312582,6460.0,Théâtre du Château,0,A venir,A venir
Autre,Description à venir,Rue d'Angleterre 10,chimay,"Rue d'Angleterre 28, 6460 Chimay, Belgique",50.048536,chimay,4.314805,6460.0,La Ferme Coworking,0,A venir,https://la-ferme.be
Autre,Description à venir,Place  Léopold,chimay,"N99 16, 6460 Chimay, Belgique",50.047302,chimay,4.317328,6460.0,Place Léopold,0,A venir,A venir
Autre,Description à venir,gare,chimay,"Rue de Virelles 18, 6460 Chimay, Belgique",50.049075,chimay,4.32103,6460.0,Parking de la Gare,0,A venir,A venir
Autre,Description à venir,Place froissart,chimay,"Place Froissart 17, 6460 Chimay, Belgique",50.046989,chimay,4.314134,6460.0,Parking Froissart/Patria,0,A venir,A venir
Art et Lieux Historiques,Description à venir,Ancienne Gare de Chimay,chimay,"CHIMAY Gare, 6460 Chimay, Belgique",50.048141,chimay,4.319592,6460.0,RAVel 109/2 vers Thuin,0,A venir,A venir
Art et Lieux Historiques,Description à venir,Gare de Chimay,chimay,"CHIMAY Gare Quai 01, 6460 Chimay, Belgique",50.048481,chimay,4.319796,6460.0,RAVeL 156 vers Momignies,0,A venir,A venir
Sports et Loisirs,Description à venir,Rue de Virelles 20,chimay,"Rue de Virelles 20f, 6460 Chimay, Belgique",50.048903,chimay,4.322711,6460.0,Piscine communale,0,A venir,A venir
Sports et Loisirs,Description à venir,Avenue du Chalon 1b,chimay,"Avenue du Châlon 1/B, 6460 Chimay, Belgique",50.048212,chimay,4.322965,6460.0,Centre Sportif de Chimay,0,A venir,A venir
Sports et Loisirs,Description à venir,Avenue du Chalon 1,chimay,"Rue de Virelles 34, 6460 Chimay, Belgique",50.050485,chimay,4.327329,6460.0,Viking Tennis Paddle Club,0,A venir,A venir
Autre,Description à venir,Place des Princes,chimay,"CHIMAY Gare Quai 03, 6460 Chimay, Belgique",50.048492,chimay,4.319744,6460.0,Gare des Bus (TEC),0,A venir,A venir
Autre,Description à venir,rue d'austravant,chimay,"Rue d'Austravant 32, 6460 Chimay, Belgique",50.047758,chimay,4.314603,6460.0,Porte d'Austravant,0,A venir,A venir
Autre,Description à venir,Place froissart,chimay,"Place Froissart 22, 6460 Chimay, Belgique",50.047229,chimay,4.31354,6460.0,Statue Froissart,0,A venir,A venir
